0	60	284	0	8	8	5259	39	898	13	-1	77	23	-1	0	-1	109	-1	46	489	22	-1	22	0	62	8	62	-1	36	-1	43	14	8	0	27	26	197	8	14	0	151	-1	242	189	-1	963	42	-1	0	8267	75	8	111	31	0	29	-1	0	-1	-1	4496	13	87	269	0	0	8	123	24	-1	0	-1	0	22	1660	26	0	149	301	-1	8	-1	26	22	22	26	75	16	4570	8	7148	-1	13	2046	0	-1	22	0	0	-1	190	126	1088	125	26	-1	26	7799	-1	38	345	28	171	40	5266	51	14	0	26	26	8	0	-1	26	28	0	-1	26	-1	-1	0	22	26	1269	8	8	8	5966	13	8	0	64	-1	-1	-1	0	182	0	26	8	0	28	88	25	103	8	-1	-1	45	22	4973	0	1601	37	8	-1	6804	-1	190	8	144	8	1132	-1	-1	0	22	-1	-1	13	106	13	8	34	1734	0	13	26	21	0	-1	-1	0	-1	105	22	8	22	1406	0	32	17	8	0	443	-1	22	13	-1	830	61	-1	-1	16	143	603	-1	-1	22	-1	-1	56	-1	16	8	-1	72	797	2724	0	42	8	58	17	0	68	8	8	-1	8	0	26	22	22	8	-1	136	13	0	26	22	212	0	1573	107	0	8	22	500	300	13	0	0	16	30	127	27	-1	-1	8	19	26	-1	190	92	22	13	234	8	1281	-1	45	-1	13	82	-1	8	2466	8	-1	0	28	40	0	-1	21	-1	-1	6008	-1	0	237	8	26	37	0	46	0	8	0	51	505	16	-1	-1	26	0	26	-1	22	27	22	0	186	-1	22	0	35	-1	-1	0	26	0	0	-1	22	-1	40	274	39	8	39	22	0	8	22	8	21	-1	57	-1	8	30	22	8	27	-1	0	-1	8	1049	8	22	32	35	22	22	0	1309	1199	16	31	8	72	61	22	0	118	0	0	42	93	0	-1	0	-1	7440	452	1179	21	-1	14	28	21	8	26	5697	-1	0	8	8	-1	-1	48	8	-1	129	-1	29	7300	22	39	1147	22	26	0	7056	8	87	5293	26	800	-1	8	40	0	-1	0	65	-1	0	21	51	22	3786	0	-1	8	22	8	14	0	0	-1	0	14	26	14	22	-1	0	-1	1028	195	21	22	442	8	3706	-1	28	-1	28	-1	152	-1	0	0	31	-1	3390	625	21	25	8	90	25	0	8	56	-1	8	-1	27	22	26	-1	0	123	-1	8	8	0	22	8	27	31	-1	8	8	
-1	0	0	-1	70	6	33	6	1135	429	2548	6	27	1757	-1	0	-1	6	47	31	6	-1	66	-1	0	0	1937	135	6	0	-1	6	326	-1	32	6	441	85	-1	797	6	0	0	95	6	-1	6	1359	190	6	0	52	-1	-1	0	183	41	0	983	0	-1	0	0	28	2869	6	-1	6	-1	6	-1	-1	383	6	270	51	-1	4124	4153	460	3352	6	-1	6	-1	1191	-1	-1	0	264	-1	6	315	0	297	809	77	0	-1	6	-1	2235	-1	1959	6	0	0	-1	1456	-1	53	76	-1	-1	-1	0	16	-1	21	639	0	6	-1	6	16	16	-1	25	-1	34	6	6	5054	954	42	-1	-1	-1	6	6086	6	16	6	6	0	3277	0	156	0	3683	8522	-1	6	0	6	0	3676	0	415	-1	950	6	25	0	-1	43	6	0	16	6	-1	116	586	0	-1	0	214	3681	3496	-1	6	203	0	314	-1	2202	162	1415	1604	0	16	-1	2108	0	1782	-1	1467	0	0	6	-1	16	0	0	0	15	15	1820	16	-1	0	-1	6	16	421	6	6	6	184	732	6	-1	-1	-1	6	95	6	2027	-1	6	4283	2226	0	0	3302	3566	551	0	0	0	16	6	-1	153	6	-1	6	6	6	16	0	97	244	330	0	-1	-1	16	41	-1	804	6	-1	7501	6	-1	-1	0	1226	0	-1	-1	37	6	364	6	0	0	6	6	15	6	393	6	831	-1	28	28	8266	80	-1	6	6	-1	0	6	0	1010	6	0	-1	-1	16	817	460	231	879	6	-1	6	0	-1	1003	16	6	78	6	16	1563	1891	-1	-1	27	15	979	720	16	213	2912	6	-1	-1	16	-1	0	153	-1	6	0	7786	1314	33	-1	-1	6	87	32	0	-1	-1	2432	0	6	869	0	0	3650	6	32	-1	0	98	159	51	16	6	0	40	-1	16	-1	16	6	98	6	-1	6	-1	-1	2921	6	378	539	0	48	37	4287	0	6	53	485	1592	0	36	161	624	6	42	24	0	15	6	381	16	261	898	7639	0	377	16	48	23	0	6	2372	-1	1497	0	109	0	6	0	6	0	-1	40	0	-1	6	-1	0	-1	0	-1	-1	0	-1	0	6	-1	573	-1	-1	16	1709	6	0	7468	0	0	0	6	0	6	6	5549	-1	-1	591	-1	26	24	-1	6	6	0	0	25	-1	1791	0	16	51	0	346	0	0	6	620	-1	-1	-1	110	16	52	-1	6	6	6	0	-1	6	-1	16	42	149	43	-1	3968	-1	
-1	0	2540	-1	387	6899	65	169	28	26	23	129	0	423	0	1321	0	0	-1	147	42	-1	-1	0	948	0	4737	-1	31	4799	94	116	43	-1	-1	107	782	20	1079	-1	14	-1	0	-1	-1	45	-1	-1	26	222	0	105	0	-1	-1	65	42	0	41	2067	94	183	39	-1	-1	244	-1	14	113	27	42	14	-1	-1	28	34	-1	-1	-1	28	59	14	0	27	40	14	0	189	-1	36	2816	4793	992	50	-1	26	0	0	28	0	28	36	34	44	26	-1	35	57	312	-1	26	0	26	0	0	53	28	28	-1	28	26	42	-1	0	268	-1	1339	0	48	0	170	0	12	67	135	-1	190	152	70	14	232	44	162	-1	-1	94	-1	0	63	28	0	4447	-1	0	138	-1	28	50	426	0	143	14	-1	-1	40	-1	-1	0	0	7872	-1	-1	0	172	92	1743	-1	-1	14	14	0	0	34	-1	36	34	62	79	0	-1	-1	503	-1	-1	-1	49	0	867	0	28	0	-1	1406	415	28	42	0	-1	3470	424	5924	-1	25	23	-1	3356	42	-1	1495	-1	1169	726	0	39	1026	387	-1	-1	0	3735	0	28	-1	601	0	355	0	27	52	0	34	-1	42	7341	55	16	3016	14	14	-1	192	-1	-1	-1	-1	14	28	92	47	14	2763	0	26	26	-1	-1	154	140	0	0	136	26	-1	-1	-1	-1	-1	206	-1	3968	26	34	0	36	-1	0	1142	438	14	89	6527	6670	38	-1	3361	35	0	-1	74	41	0	-1	152	914	-1	1945	0	331	14	35	-1	-1	26	0	-1	20	134	480	113	-1	0	-1	0	34	142	160	0	47	-1	144	33	-1	21	-1	16	26	2328	3856	-1	-1	210	0	-1	0	77	0	66	2256	25	102	-1	4021	0	-1	26	85	-1	22	0	0	-1	1780	26	60	-1	44	307	-1	179	-1	0	-1	-1	51	53	0	1971	44	25	32	187	0	830	12	0	62	-1	-1	61	14	14	-1	756	28	0	31	26	4192	-1	67	-1	-1	-1	0	-1	35	1048	-1	599	40	0	1575	1322	503	14	-1	2086	3478	16	0	-1	34	22	35	0	26	117	-1	0	229	-1	67	-1	-1	53	14	38	822	-1	26	72	28	0	-1	0	165	-1	-1	-1	-1	-1	2878	-1	710	0	569	0	179	0	821	-1	28	-1	897	42	0	0	-1	0	28	-1	36	202	-1	111	3690	-1	-1	63	-1	0	-1	26	0	-1	26	2444	49	352	262	38	0	-1	874	112	-1	-1	0	739	78	
40	26	7874	-1	-1	26	2624	26	26	51	-1	30	35	0	1356	0	26	100	-1	-1	-1	26	-1	26	26	-1	0	26	26	0	26	30	-1	30	0	0	0	26	29	-1	280	32	-1	282	0	41	0	26	-1	-1	1273	32	49	26	-1	-1	-1	394	-1	685	-1	-1	-1	3096	134	0	0	0	-1	32	129	26	0	0	0	-1	26	88	26	6614	7796	-1	0	-1	-1	0	51	-1	26	44	-1	0	51	0	0	0	-1	212	-1	0	35	0	0	-1	0	433	26	0	5149	-1	2867	0	26	5501	135	0	1579	0	-1	0	-1	0	-1	35	200	-1	151	-1	26	0	71	-1	2615	0	26	-1	66	39	30	0	29	-1	423	0	0	118	-1	0	-1	251	32	26	0	26	-1	77	-1	-1	21	1867	32	675	230	26	106	-1	810	-1	-1	-1	32	0	-1	515	155	0	2422	0	26	1117	0	-1	0	0	-1	-1	26	-1	160	36	0	26	0	0	0	-1	0	-1	3275	848	0	262	238	3531	-1	1053	26	3181	4986	-1	47	0	-1	-1	-1	0	-1	30	-1	-1	841	0	0	0	18	26	0	54	-1	0	1140	104	0	26	0	30	-1	-1	55	-1	32	-1	-1	1520	0	20	0	-1	170	0	-1	-1	-1	153	90	26	30	30	1337	0	-1	1844	0	0	267	912	-1	45	-1	26	26	29	-1	3270	36	-1	-1	0	1920	30	-1	26	-1	26	-1	-1	26	0	-1	30	227	26	0	26	-1	592	47	-1	49	26	-1	-1	-1	0	26	-1	186	-1	4983	-1	696	67	-1	0	-1	242	74	26	-1	1206	-1	0	-1	0	7379	0	95	-1	188	26	54	-1	-1	156	-1	36	0	0	0	-1	68	2610	0	26	0	-1	0	44	112	0	381	-1	45	-1	26	-1	-1	831	42	260	91	0	29	0	-1	59	1408	-1	5505	52	0	36	0	857	0	33	0	2294	0	30	213	32	7859	-1	98	-1	87	26	38	26	25	0	47	-1	62	50	129	0	-1	-1	4299	26	115	5410	-1	32	-1	0	0	26	0	-1	0	32	-1	43	-1	0	0	904	26	-1	0	-1	26	-1	30	-1	26	0	0	39	0	30	0	26	553	85	-1	76	1021	397	1195	-1	38	811	7115	142	-1	0	-1	0	66	44	-1	0	0	0	0	-1	345	-1	39	35	32	107	-1	279	211	-1	0	97	32	8353	-1	81	0	190	36	26	690	65	-1	0	766	0	54	52	50	32	-1	133	-1	208	0	0	30	324	30	0	
0	79	-1	0	0	-1	-1	43	-1	-1	-1	-1	-1	-1	-1	2602	-1	-1	-1	47	-1	0	0	370	-1	23	0	0	-1	0	0	244	35	-1	0	208	-1	-1	-1	-1	0	1914	0	-1	-1	2138	1714	-1	-1	-1	0	107	43	-1	-1	348	7378	8217	-1	-1	-1	-1	0	0	0	-1	159	-1	-1	174	136	0	0	0	426	5660	293	7117	0	-1	-1	6830	-1	-1	26	153	821	-1	-1	-1	-1	-1	-1	0	378	0	-1	-1	0	1007	-1	77	2116	-1	-1	-1	0	0	1438	-1	-1	-1	0	0	-1	1843	0	-1	-1	0	-1	0	-1	3133	0	72	241	-1	0	0	-1	126	-1	1760	-1	389	0	-1	0	145	0	184	683	2420	766	278	93	0	578	-1	-1	5214	97	826	270	-1	0	308	0	-1	-1	-1	0	32	81	0	0	-1	-1	-1	0	625	0	4596	327	803	6100	-1	0	0	157	2686	0	-1	32	32	0	-1	3228	-1	0	-1	0	0	0	0	100	-1	4377	-1	-1	0	0	194	0	0	-1	-1	-1	249	115	-1	0	704	-1	32	0	0	4255	0	2767	-1	0	5247	414	1818	-1	-1	-1	0	0	412	-1	0	7111	-1	0	0	0	3727	0	168	-1	-1	-1	222	-1	0	0	-1	0	-1	-1	199	3252	-1	433	-1	1115	-1	-1	-1	39	848	718	-1	-1	-1	0	3705	97	18	0	-1	-1	0	2603	85	0	0	0	-1	-1	156	4262	-1	0	0	-1	59	0	18	-1	2844	-1	0	0	-1	1582	0	-1	2746	0	-1	233	-1	-1	0	168	-1	-1	24	0	351	67	3599	0	0	-1	-1	599	0	0	0	-1	-1	981	-1	0	0	0	626	0	26	18	-1	3080	0	2812	0	22	-1	37	0	0	-1	0	32	-1	1626	406	-1	-1	-1	0	0	-1	0	74	1088	1633	0	708	4882	0	51	1438	428	-1	2623	-1	-1	0	0	309	1067	-1	-1	0	-1	49	53	1257	0	-1	-1	-1	55	-1	2783	0	-1	-1	-1	41	-1	0	-1	-1	609	883	0	5987	4450	80	0	-1	-1	-1	1152	-1	0	6855	-1	0	88	230	0	-1	-1	-1	-1	0	-1	0	-1	-1	-1	32	-1	-1	-1	-1	-1	388	-1	0	0	-1	-1	0	0	41	610	-1	587	90	0	477	-1	4064	38	524	4306	3678	0	0	0	-1	0	32	-1	-1	0	-1	0	-1	1737	-1	-1	0	5549	-1	0	0	5567	-1	-1	-1	24	1230	-1	-1	34	-1	-1	0	-1	336	290	-1	1115	374	157	-1	0	-1	-1	484	-1	
-1	-1	2234	0	0	-1	4564	21	59	89	-1	-1	16	6343	-1	162	-1	-1	1914	755	-1	1148	475	0	352	278	2862	499	0	-1	5099	-1	0	0	-1	-1	92	598	0	81	-1	-1	0	-1	3824	120	-1	0	1933	0	0	328	1983	-1	-1	-1	0	-1	0	16	1949	-1	-1	0	-1	0	-1	-1	-1	52	1595	-1	79	-1	0	0	1488	0	-1	0	-1	-1	-1	-1	713	-1	829	-1	0	-1	-1	0	0	-1	-1	0	0	30	0	0	-1	-1	-1	6269	80	0	105	-1	-1	-1	-1	0	-1	-1	-1	5347	0	65	-1	-1	139	16	549	0	-1	-1	-1	-1	0	-1	-1	-1	2061	-1	-1	-1	3847	0	0	-1	381	-1	-1	-1	-1	73	-1	0	-1	-1	-1	-1	1311	-1	0	-1	222	-1	-1	-1	7867	-1	3743	2262	0	0	24	-1	1731	-1	-1	-1	-1	-1	-1	0	-1	-1	-1	0	0	-1	-1	714	-1	-1	1002	-1	0	-1	-1	-1	165	0	5920	17	1030	0	943	0	-1	158	39	-1	0	6576	0	-1	6331	0	-1	0	34	-1	-1	0	-1	6205	-1	-1	-1	0	-1	0	-1	844	-1	0	814	-1	0	0	-1	0	0	0	-1	-1	124	2913	126	-1	2335	-1	-1	0	-1	-1	-1	-1	-1	-1	-1	-1	-1	6519	-1	-1	-1	-1	0	4784	-1	-1	0	-1	-1	2765	-1	-1	0	-1	-1	754	0	2652	6336	-1	-1	1462	41	16	27	-1	754	-1	0	-1	-1	-1	5600	-1	1278	-1	0	16	821	-1	270	0	0	1239	-1	270	0	-1	-1	-1	-1	-1	-1	0	31	-1	7274	-1	0	0	104	0	1406	0	-1	2355	-1	-1	-1	984	0	-1	-1	0	0	0	2796	-1	-1	-1	-1	390	-1	-1	-1	22	0	931	-1	-1	710	0	-1	0	-1	-1	378	-1	1517	2326	1205	-1	-1	411	-1	-1	-1	-1	6955	-1	-1	81	37	-1	-1	-1	-1	-1	16	-1	-1	21	-1	-1	393	0	0	6203	0	-1	-1	2440	6629	363	912	16	3457	110	-1	0	0	-1	-1	-1	0	-1	-1	-1	-1	-1	1554	-1	-1	597	248	61	-1	-1	0	-1	0	8310	588	-1	-1	0	1361	687	-1	-1	53	-1	-1	-1	-1	19	0	-1	-1	-1	0	136	-1	303	-1	0	2124	0	-1	-1	0	0	-1	-1	-1	0	-1	-1	-1	0	-1	-1	0	7071	-1	967	155	1503	275	4936	-1	-1	716	-1	0	1812	-1	0	16	-1	-1	-1	-1	-1	83	-1	0	7546	-1	389	0	16	24	-1	-1	-1	-1	-1	-1	-1	-1	-1	
-1	0	-1	0	3056	-1	-1	0	-1	-1	-1	-1	-1	-1	-1	131	8035	-1	-1	694	-1	0	1056	-1	298	-1	403	-1	0	-1	1052	-1	-1	-1	36	56	0	0	0	-1	-1	7670	-1	-1	-1	-1	5045	-1	0	-1	-1	0	141	-1	-1	-1	19	-1	5260	0	786	-1	1820	-1	2074	-1	-1	-1	246	839	0	272	6962	18	-1	0	0	-1	0	-1	58	0	0	0	181	147	-1	-1	-1	0	0	0	-1	-1	547	-1	100	1491	28	0	169	-1	-1	-1	-1	7344	261	-1	-1	-1	0	-1	-1	0	35	-1	14	122	-1	555	-1	-1	2471	-1	8262	-1	6534	887	14	-1	-1	-1	-1	-1	0	-1	364	-1	0	32	-1	-1	-1	0	-1	-1	-1	-1	-1	234	7828	-1	-1	-1	-1	31	-1	-1	2431	-1	0	-1	0	0	-1	-1	-1	-1	-1	573	157	-1	0	-1	0	-1	-1	1963	0	-1	-1	-1	0	-1	-1	-1	-1	0	732	0	14	-1	-1	500	-1	-1	-1	1826	0	2978	48	-1	-1	-1	-1	-1	0	1866	-1	1207	-1	14	-1	-1	362	-1	-1	-1	-1	2927	-1	-1	968	-1	-1	-1	-1	-1	-1	0	49	2302	1220	0	22	1609	0	0	4041	-1	-1	-1	-1	0	0	-1	-1	-1	-1	-1	-1	-1	-1	51	-1	14	-1	-1	499	-1	-1	0	57	6058	-1	-1	-1	0	0	4513	0	-1	-1	-1	-1	86	-1	-1	6350	0	-1	-1	-1	181	-1	-1	178	0	-1	-1	47	-1	-1	-1	-1	0	0	1600	46	277	347	0	138	0	-1	-1	-1	-1	-1	0	-1	1255	-1	6899	0	31	2482	0	-1	0	32	40	-1	-1	-1	6424	5550	-1	-1	0	0	0	14	0	-1	-1	1050	252	-1	-1	0	4732	-1	-1	-1	0	-1	-1	0	-1	-1	-1	-1	0	6405	-1	-1	0	-1	-1	44	-1	-1	-1	-1	-1	-1	-1	-1	-1	-1	-1	32	-1	-1	29	-1	-1	-1	0	-1	-1	-1	0	173	0	-1	-1	259	-1	0	-1	-1	-1	0	-1	410	-1	-1	168	190	0	-1	2443	-1	0	0	397	6110	-1	-1	97	-1	-1	-1	-1	-1	1142	442	-1	198	-1	-1	-1	3682	-1	2390	-1	-1	-1	-1	2213	0	5927	68	-1	0	355	-1	-1	-1	0	0	-1	-1	-1	19	-1	-1	126	178	7006	0	-1	398	-1	321	196	-1	-1	-1	0	0	0	4566	6068	-1	-1	-1	3299	0	-1	-1	-1	-1	0	-1	438	0	0	-1	-1	0	-1	-1	-1	279	-1	601	-1	-1	0	-1	-1	-1	-1	-1	0	-1	-1	
-1	0	-1	-1	-1	-1	-1	-1	153	74	-1	-1	1032	0	0	0	0	613	0	-1	-1	81	136	-1	-1	702	-1	-1	-1	0	-1	-1	-1	-1	-1	0	-1	0	-1	-1	-1	0	-1	1610	-1	5023	-1	0	-1	-1	0	-1	-1	0	-1	-1	0	0	-1	80	0	-1	-1	-1	-1	18	-1	-1	610	-1	-1	-1	-1	-1	363	812	-1	-1	2687	-1	2262	-1	-1	1021	0	0	0	-1	-1	-1	-1	-1	-1	-1	-1	-1	-1	-1	-1	-1	-1	-1	642	5327	-1	-1	58	2927	0	-1	0	0	-1	0	0	0	16	-1	-1	-1	0	-1	-1	-1	1849	0	0	-1	-1	1209	-1	84	-1	0	1373	0	0	-1	254	0	-1	-1	-1	-1	-1	-1	3531	-1	2610	0	0	3495	471	0	1354	-1	0	-1	-1	0	-1	-1	0	-1	150	-1	0	6960	0	-1	-1	632	3907	-1	-1	-1	-1	-1	78	-1	-1	-1	-1	0	-1	-1	-1	0	5562	-1	117	-1	-1	-1	-1	-1	4390	0	0	-1	-1	0	-1	-1	-1	-1	-1	1209	-1	-1	3815	67	0	-1	131	0	0	0	0	-1	-1	-1	-1	0	-1	-1	-1	-1	0	0	-1	0	0	-1	0	1256	-1	0	0	-1	-1	-1	6149	0	-1	-1	37	6095	-1	0	0	-1	8116	0	4079	-1	-1	-1	-1	0	-1	-1	-1	-1	-1	-1	-1	87	2483	-1	-1	-1	-1	0	-1	-1	24	-1	-1	456	0	-1	-1	-1	0	-1	-1	34	-1	1745	0	0	76	-1	0	-1	2776	-1	0	-1	-1	2094	1864	-1	-1	-1	-1	-1	-1	-1	-1	-1	2793	-1	0	-1	0	0	-1	570	3147	-1	6138	-1	0	0	-1	5035	-1	0	-1	0	-1	-1	-1	712	-1	239	26	-1	-1	-1	-1	-1	-1	-1	-1	40	-1	-1	0	909	0	-1	628	-1	1745	0	-1	-1	-1	2506	0	-1	0	-1	-1	-1	0	-1	-1	-1	58	-1	-1	-1	227	-1	-1	-1	-1	-1	-1	1249	-1	3534	703	144	-1	0	-1	-1	-1	-1	-1	-1	-1	75	-1	-1	183	-1	-1	-1	-1	-1	-1	-1	-1	-1	-1	0	-1	341	-1	133	-1	1874	0	-1	-1	3820	-1	-1	-1	-1	0	5705	-1	0	-1	-1	-1	-1	-1	-1	4193	-1	0	-1	-1	207	0	0	809	-1	0	-1	-1	-1	-1	16	-1	111	0	-1	0	34	-1	-1	-1	-1	0	54	353	-1	464	-1	0	0	-1	0	-1	6095	-1	-1	-1	283	0	0	0	1093	0	-1	-1	-1	-1	-1	73	-1	0	0	0	18	-1	0	2657	209	-1	-1	
778	51	-1	0	187	0	-1	216	6684	0	14	0	792	0	829	14	-1	-1	0	0	8	665	233	-1	242	82	93	14	0	0	744	-1	-1	34	-1	8	2910	18	-1	-1	33	51	0	0	50	-1	0	-1	88	8	10	-1	67	-1	0	-1	1568	23	0	-1	0	-1	-1	14	0	37	51	-1	-1	0	2449	-1	5117	-1	4549	-1	2739	-1	0	-1	936	4801	0	-1	-1	14	27	-1	10	159	8	10	0	0	1629	0	-1	259	0	-1	1216	1069	-1	51	-1	-1	1211	6237	563	-1	101	819	8	-1	10	-1	14	21	0	2119	-1	0	0	0	19	-1	41	-1	-1	36	14	1093	-1	26	213	0	0	-1	27	0	-1	-1	-1	6483	14	0	4630	48	14	0	14	-1	0	3576	-1	29	77	0	1986	16	24	-1	-1	145	106	36	20	-1	0	27	0	0	261	92	307	0	-1	-1	0	19	-1	0	-1	29	-1	0	-1	6843	8	266	0	113	42	0	-1	0	-1	0	0	0	2834	14	-1	3090	0	81	23	989	14	0	47	4858	3866	-1	0	6418	132	0	-1	-1	0	-1	0	236	6907	-1	0	-1	987	-1	445	642	-1	-1	75	14	352	14	14	27	-1	197	91	-1	0	-1	-1	-1	469	-1	0	138	-1	14	291	-1	20	10	-1	0	-1	0	203	-1	0	-1	357	-1	0	4480	-1	-1	0	10	193	-1	20	14	-1	7361	0	-1	0	0	0	1911	-1	8419	0	458	7390	85	1462	1300	0	2966	110	-1	0	-1	-1	0	-1	222	-1	-1	30	3864	0	1427	145	0	-1	207	34	244	0	204	0	6410	14	14	-1	-1	31	0	-1	18	-1	32	14	14	0	68	4130	5593	-1	0	0	1850	-1	55	-1	263	2973	-1	0	19	-1	847	-1	-1	-1	-1	-1	134	-1	121	-1	88	14	-1	0	0	721	0	14	-1	573	-1	0	23	-1	10	-1	114	1557	-1	27	80	0	14	-1	-1	-1	-1	167	18	0	27	-1	-1	-1	30	5280	36	-1	877	1979	889	356	197	0	0	-1	20	-1	-1	321	10	-1	3851	-1	0	959	-1	27	0	-1	-1	73	0	-1	140	0	-1	0	3735	0	0	2569	4286	0	31	14	0	10	-1	-1	205	15	0	27	251	14	0	-1	3776	133	1346	-1	2079	1396	57	4128	-1	25	0	81	3853	-1	0	80	7542	-1	2181	-1	0	274	1240	-1	0	0	5410	-1	10	70	-1	-1	0	972	-1	738	35	-1	0	69	0	0	33	28	0	-1	320	0	2610	108	-1	-1	4070	
-1	0	-1	-1	-1	134	0	0	-1	-1	1041	83	86	-1	0	-1	-1	130	-1	-1	-1	382	30	0	-1	-1	4352	-1	0	-1	-1	0	55	0	860	376	0	-1	-1	0	0	-1	0	0	-1	-1	0	-1	2846	0	0	-1	-1	-1	-1	473	0	105	58	0	-1	-1	-1	22	-1	290	18	-1	0	4910	-1	-1	-1	10	44	-1	-1	2746	118	-1	88	5479	6394	0	28	-1	-1	-1	-1	72	0	-1	503	-1	-1	0	59	-1	0	64	306	0	0	-1	815	0	44	2952	-1	3093	-1	34	702	-1	-1	694	0	0	0	-1	-1	2557	0	-1	485	45	11	-1	-1	75	-1	-1	709	0	0	-1	559	72	73	465	-1	-1	7012	-1	0	11	-1	255	0	0	3042	673	11	-1	0	-1	-1	0	0	-1	10	0	29	0	4497	-1	0	1498	-1	-1	-1	1388	-1	546	8200	0	0	-1	1543	-1	-1	140	-1	-1	0	777	10	-1	0	16	-1	176	-1	-1	-1	-1	5198	-1	59	52	-1	-1	0	-1	3247	10	0	10	2450	10	-1	-1	-1	27	10	-1	-1	-1	10	0	-1	-1	0	-1	-1	48	63	146	-1	-1	-1	-1	-1	539	-1	-1	-1	-1	-1	-1	-1	0	70	0	4170	5230	0	247	83	-1	-1	-1	-1	-1	-1	478	-1	0	10	0	1336	1656	43	16	284	17	-1	-1	151	78	-1	-1	-1	791	0	0	-1	0	-1	11	-1	43	58	955	-1	-1	10	0	38	74	-1	0	-1	28	0	-1	-1	-1	39	-1	-1	0	-1	0	-1	-1	26	739	24	-1	-1	94	75	352	10	0	8360	-1	-1	0	0	-1	36	-1	0	0	0	-1	-1	41	0	0	731	0	0	-1	-1	-1	-1	-1	16	-1	40	-1	-1	750	65	0	0	-1	11	-1	-1	24	-1	-1	-1	0	16	723	-1	28	-1	102	839	26	0	0	-1	0	-1	-1	-1	0	-1	2497	0	50	0	39	-1	10	-1	-1	-1	-1	-1	859	-1	10	-1	-1	-1	142	-1	-1	-1	-1	0	-1	-1	0	-1	-1	-1	0	-1	-1	10	55	40	18	-1	0	-1	22	-1	-1	-1	-1	-1	0	-1	1254	-1	0	0	0	0	40	-1	3252	-1	0	10	5329	-1	-1	-1	-1	2919	30	-1	16	-1	-1	-1	16	-1	31	-1	1437	5092	0	10	77	3294	834	-1	-1	0	0	-1	-1	-1	-1	2009	0	62	-1	546	-1	-1	-1	48	0	-1	73	793	-1	-1	0	-1	-1	0	0	10	0	5682	-1	1050	2502	0	-1	318	-1	1379	619	133	-1	
0	0	-1	-1	-1	582	48	-1	0	-1	-1	-1	0	5969	36	14	6391	0	-1	-1	0	873	214	-1	265	-1	-1	0	444	0	42	-1	-1	0	3545	92	81	0	-1	356	-1	0	0	-1	125	-1	-1	363	0	31	246	-1	0	-1	-1	0	-1	3221	-1	1055	48	-1	-1	8025	0	46	-1	-1	0	41	-1	-1	-1	-1	-1	-1	-1	0	0	0	206	-1	14	549	-1	-1	36	-1	2490	-1	-1	974	1087	-1	-1	-1	-1	0	-1	0	38	-1	-1	0	257	-1	376	-1	-1	-1	62	0	-1	0	233	21	0	-1	0	57	18	-1	-1	0	-1	2193	-1	0	23	0	4299	44	6885	319	0	1927	92	40	-1	0	0	0	-1	0	274	-1	0	-1	-1	143	33	-1	269	-1	-1	0	-1	48	-1	-1	-1	600	0	20	244	-1	-1	750	645	37	-1	0	-1	193	0	-1	0	0	0	135	14	0	0	-1	18	0	-1	5631	-1	-1	0	41	0	-1	0	253	6700	85	185	0	-1	18	3093	942	0	-1	0	-1	-1	1502	322	-1	-1	20	7694	-1	223	-1	4783	-1	145	173	0	0	0	6723	279	0	1221	4102	0	-1	0	14	-1	-1	-1	48	0	2200	197	0	-1	102	79	-1	-1	555	-1	-1	107	14	0	0	-1	1059	2102	1453	-1	164	0	101	-1	-1	340	-1	0	1806	14	-1	-1	0	-1	1074	43	362	417	-1	856	244	-1	6857	-1	-1	-1	-1	14	67	344	170	14	1038	0	0	0	2094	700	0	-1	-1	7826	0	0	204	95	0	-1	-1	-1	0	-1	5304	345	48	81	2865	-1	0	125	-1	0	0	639	-1	24	-1	4916	3070	-1	-1	-1	94	-1	22	70	758	71	468	111	111	-1	14	0	7780	-1	0	112	-1	3223	28	1507	0	0	18	0	-1	-1	-1	-1	-1	-1	1960	-1	0	-1	-1	0	-1	1081	0	861	3390	22	-1	-1	228	0	-1	26	-1	-1	-1	50	0	-1	276	5035	0	-1	649	40	3819	0	84	32	0	0	0	238	212	173	22	0	23	0	-1	21	357	531	2459	-1	14	0	-1	30	1036	548	0	41	2370	0	25	0	0	247	-1	18	799	0	26	0	0	-1	-1	14	0	-1	-1	1065	22	14	-1	712	-1	3602	2605	-1	0	220	-1	0	-1	-1	-1	-1	-1	14	25	-1	0	0	4175	-1	-1	-1	-1	0	658	0	187	57	0	57	0	-1	-1	497	3866	7917	4610	-1	0	-1	0	-1	-1	14	-1	-1	899	-1	-1	198	572	-1	0	0	-1	3466	-1	
16	-1	2327	-1	35	0	-1	-1	-1	594	146	-1	-1	-1	-1	-1	0	610	-1	201	109	-1	-1	-1	159	192	-1	-1	-1	-1	-1	-1	-1	3693	49	-1	-1	-1	-1	0	0	-1	-1	-1	-1	6127	8497	-1	-1	-1	250	-1	0	-1	-1	-1	4496	-1	0	768	0	-1	1333	-1	-1	0	-1	-1	212	5967	0	0	-1	-1	3987	501	-1	96	-1	0	-1	-1	-1	0	589	-1	0	0	-1	0	-1	-1	-1	-1	3724	2113	-1	0	0	0	-1	-1	0	-1	1240	-1	16	-1	3930	-1	1314	0	-1	0	-1	-1	-1	-1	-1	0	0	160	-1	-1	-1	-1	73	1093	0	4506	-1	-1	322	-1	0	-1	-1	0	0	-1	-1	-1	-1	0	5090	1177	599	-1	16	0	-1	-1	-1	579	5526	192	-1	6123	0	-1	6008	0	-1	0	-1	0	-1	0	-1	0	-1	0	-1	27	0	0	-1	0	1572	-1	0	0	0	362	0	2668	-1	-1	-1	-1	-1	0	0	-1	-1	-1	0	-1	137	0	0	-1	-1	-1	-1	0	0	0	0	202	-1	-1	-1	-1	0	4751	1666	-1	0	0	-1	-1	-1	-1	0	316	1986	-1	-1	-1	-1	-1	-1	-1	0	5781	-1	-1	-1	0	-1	-1	16	-1	337	-1	0	0	-1	-1	-1	-1	3636	5817	98	-1	142	-1	464	-1	29	0	-1	0	-1	-1	0	-1	160	0	-1	0	0	0	0	-1	-1	-1	-1	0	-1	-1	-1	3073	6119	0	-1	-1	16	6900	45	-1	0	3765	-1	0	-1	-1	-1	0	-1	-1	-1	-1	-1	-1	-1	4620	-1	-1	-1	0	177	-1	-1	-1	-1	-1	-1	3946	337	265	385	-1	0	-1	0	-1	-1	303	-1	-1	1629	-1	-1	121	128	42	-1	-1	114	3842	5630	-1	737	-1	-1	-1	0	-1	-1	219	-1	-1	-1	-1	0	-1	-1	212	-1	-1	-1	-1	2822	0	0	0	1457	-1	6029	-1	-1	0	0	0	-1	0	0	0	292	0	-1	-1	-1	-1	-1	-1	-1	0	-1	548	431	0	91	218	2598	6644	-1	-1	-1	0	799	-1	-1	-1	-1	7306	-1	-1	-1	0	55	-1	0	-1	333	-1	0	22	-1	-1	-1	-1	-1	0	-1	-1	-1	-1	16	447	0	756	0	-1	-1	-1	0	4331	2895	0	955	32	-1	-1	2281	0	16	-1	3143	0	-1	0	-1	0	301	7131	-1	4819	3343	0	0	0	0	-1	0	2601	-1	0	-1	-1	-1	0	-1	-1	-1	0	-1	-1	-1	0	-1	3850	0	-1	0	259	-1	-1	0	-1	-1	34	-1	0	1489	0	-1	-1	
-1	620	0	-1	10	31	0	-1	-1	-1	10	68	-1	-1	17	654	-1	0	-1	136	-1	-1	0	-1	7023	20	22	-1	0	0	-1	0	3317	269	-1	20	-1	8023	-1	0	0	17	0	-1	-1	-1	1719	-1	-1	2135	22	20	0	22	-1	0	302	214	-1	-1	10	1384	10	10	6	-1	29	0	-1	-1	1504	3320	37	-1	-1	17	-1	208	-1	6	0	-1	6544	317	14	30	-1	14	0	-1	4764	0	-1	20	0	0	0	0	73	33	2659	0	-1	-1	-1	-1	-1	-1	439	16	-1	-1	327	-1	0	-1	-1	-1	-1	0	0	1426	0	20	0	0	0	17	-1	0	-1	-1	0	-1	237	1060	12	-1	-1	-1	219	7819	10	-1	-1	-1	560	1303	-1	4198	0	0	-1	877	1933	64	63	27	318	-1	0	0	651	746	-1	97	-1	0	188	-1	-1	0	1762	-1	-1	-1	-1	0	0	-1	-1	-1	180	20	0	-1	0	-1	0	-1	10	8124	0	58	12	0	-1	-1	-1	-1	27	12	0	50	14	297	52	16	7731	51	-1	6	0	25	16	3812	-1	22	6	-1	-1	-1	0	0	0	20	16	0	0	-1	276	461	143	1203	-1	10	0	0	-1	0	0	1140	801	-1	0	610	-1	3972	0	7324	-1	-1	0	-1	4891	-1	17	18	0	174	2142	987	22	-1	-1	-1	0	-1	-1	10	0	-1	-1	-1	10	-1	5410	-1	94	10	-1	313	-1	-1	312	22	0	-1	0	-1	63	-1	64	154	-1	-1	27	-1	263	-1	183	-1	0	10	0	14	6	-1	0	-1	-1	-1	-1	14	6	0	-1	656	-1	0	0	3189	943	5300	0	0	50	1281	20	0	176	355	-1	-1	-1	-1	-1	-1	-1	-1	-1	0	12	25	0	130	22	-1	171	-1	6	32	288	3820	508	0	1134	3205	0	48	0	-1	183	21	416	165	1680	-1	0	0	6727	0	-1	17	76	10	12	-1	0	-1	6	14	279	-1	0	902	1048	-1	10	28	12	63	-1	4373	-1	0	7169	-1	2081	0	0	356	-1	20	0	14	0	-1	310	0	12	0	18	22	0	0	0	-1	-1	-1	-1	-1	-1	-1	757	0	0	39	0	-1	-1	582	-1	3181	1997	-1	22	-1	-1	-1	1223	527	4984	-1	-1	-1	27	251	0	31	-1	24	1218	1460	0	-1	0	0	324	167	-1	16	22	14	252	0	26	-1	0	10	2082	-1	-1	-1	6	0	-1	-1	-1	0	22	12	-1	0	0	221	-1	-1	-1	4756	-1	4483	-1	2045	0	33	-1	-1	-1	-1	
-1	108	0	-1	94	0	-1	591	316	0	-1	-1	-1	-1	-1	-1	190	0	28	0	1446	0	0	29	-1	6942	0	-1	22	0	29	-1	5320	3054	4364	511	175	0	0	-1	0	126	-1	-1	-1	-1	-1	42	-1	61	-1	0	25	60	-1	-1	129	8097	-1	-1	33	25	-1	-1	-1	-1	-1	-1	-1	0	-1	-1	-1	-1	-1	-1	25	-1	-1	1062	-1	34	87	-1	296	-1	-1	-1	2546	-1	1337	-1	0	27	-1	-1	-1	7050	-1	-1	-1	-1	-1	0	0	-1	-1	-1	-1	-1	-1	0	111	-1	-1	0	-1	-1	0	-1	0	67	-1	3180	73	0	-1	-1	0	50	5103	-1	-1	-1	-1	-1	3845	-1	-1	-1	71	32	-1	-1	1257	-1	-1	0	1270	5278	-1	70	-1	69	-1	0	-1	-1	105	1839	68	0	212	6948	-1	0	-1	-1	93	0	4076	47	-1	0	-1	1203	-1	-1	-1	-1	-1	0	69	-1	-1	3077	-1	262	-1	138	-1	-1	-1	0	-1	-1	-1	1032	-1	-1	0	627	1910	27	-1	-1	-1	74	-1	84	634	0	0	25	0	-1	-1	0	26	192	-1	-1	-1	-1	0	-1	-1	-1	-1	599	49	1887	0	-1	-1	0	-1	-1	-1	3933	-1	-1	32	0	-1	4107	-1	-1	125	-1	-1	-1	0	0	-1	0	0	-1	-1	5277	-1	-1	-1	-1	-1	-1	0	-1	-1	205	0	4922	-1	1657	0	27	-1	-1	-1	0	145	-1	-1	-1	-1	-1	189	-1	-1	206	-1	-1	0	-1	-1	-1	-1	4349	0	229	111	-1	-1	-1	-1	-1	-1	-1	0	-1	-1	-1	-1	1158	-1	451	4249	29	-1	-1	-1	0	-1	-1	185	32	-1	45	-1	27	0	-1	-1	26	247	-1	0	113	-1	0	198	1189	483	96	-1	839	-1	216	210	90	0	-1	28	-1	0	-1	2559	-1	227	-1	2891	-1	-1	3699	-1	-1	158	-1	0	0	-1	-1	-1	-1	-1	-1	6778	7184	-1	-1	0	-1	0	-1	-1	-1	28	0	7868	-1	4839	-1	1272	-1	-1	406	62	-1	85	414	0	-1	47	-1	0	-1	-1	-1	-1	0	-1	0	217	-1	-1	-1	170	0	-1	238	-1	-1	-1	-1	3515	-1	0	71	-1	-1	-1	-1	5373	365	764	4279	26	-1	-1	-1	-1	109	931	-1	0	-1	-1	-1	-1	0	-1	-1	-1	47	35	187	-1	-1	59	96	-1	46	0	-1	-1	82	-1	-1	0	0	-1	-1	-1	-1	5659	-1	1765	-1	0	97	0	-1	-1	-1	-1	-1	143	-1	-1	86	-1	-1	-1	0	-1	74	-1	114	536	0	
-1	0	3748	66	-1	22	0	22	26	-1	202	-1	181	62	52	66	0	58	-1	0	-1	-1	48	-1	409	-1	30	-1	0	-1	-1	0	723	5745	0	-1	-1	3661	0	-1	55	-1	515	93	0	0	30	23	0	0	85	-1	-1	29	0	282	0	-1	23	-1	-1	-1	-1	451	148	-1	68	118	35	3884	-1	38	0	40	0	-1	-1	-1	22	1211	30	530	192	-1	0	34	-1	77	-1	-1	371	6688	460	62	0	0	22	-1	-1	798	-1	3524	-1	-1	103	0	43	30	0	3818	-1	81	22	-1	254	198	-1	-1	61	0	41	36	0	77	2352	-1	-1	0	-1	30	82	50	-1	119	0	30	41	-1	-1	-1	0	-1	30	0	30	-1	3510	-1	0	-1	0	-1	-1	3462	-1	27	86	-1	30	4747	0	787	-1	535	-1	154	0	60	-1	-1	0	215	-1	0	452	0	22	8343	47	81	-1	42	31	30	63	-1	50	50	-1	-1	0	-1	0	52	0	-1	30	-1	0	36	30	72	-1	77	0	30	4862	26	-1	0	3393	78	-1	44	0	0	29	34	-1	30	-1	31	41	30	0	-1	-1	0	59	25	275	22	-1	50	0	137	30	-1	119	733	-1	0	-1	7288	27	26	0	-1	34	0	-1	56	70	-1	71	-1	137	39	-1	42	38	43	30	0	6179	0	0	27	0	44	7379	-1	-1	39	-1	118	77	-1	1623	456	-1	0	0	22	0	-1	1601	40	243	521	-1	-1	206	0	23	227	53	-1	191	34	-1	846	793	76	0	73	-1	0	-1	728	549	-1	469	0	0	2116	0	30	0	0	-1	40	98	42	1958	-1	110	817	7736	-1	26	239	34	0	0	175	74	616	-1	-1	40	739	-1	-1	6866	-1	36	22	29	578	98	46	-1	0	0	0	0	36	32	-1	-1	174	0	-1	-1	0	30	29	26	26	-1	-1	-1	66	-1	0	24	0	97	91	-1	0	41	52	0	34	-1	-1	-1	-1	25	2280	-1	-1	-1	3845	0	-1	-1	-1	-1	60	3293	30	30	62	-1	0	26	0	-1	0	39	26	-1	22	408	-1	59	200	0	-1	105	-1	46	-1	-1	22	30	30	971	42	-1	-1	1903	30	72	0	-1	30	3948	77	47	-1	-1	83	36	42	85	55	1570	79	49	67	-1	0	-1	0	-1	0	0	7936	39	108	215	-1	-1	0	2546	-1	-1	-1	-1	5748	2078	-1	29	-1	94	0	-1	2372	2583	-1	158	22	-1	-1	1658	495	492	64	-1	0	-1	0	0	-1	-1	0	
39	10	-1	0	10	-1	10	-1	0	623	38	10	0	10	10	10	0	-1	-1	78	0	47	-1	10	10	10	10	10	0	-1	10	0	56	10	10	10	10	10	10	-1	10	28	10	361	10	-1	0	10	10	58	10	10	0	87	-1	7405	10	10	183	10	10	0	10	10	296	-1	171	673	10	10	38	10	42	10	-1	10	378	10	50	10	10	10	66	10	-1	10	10	10	10	0	309	10	149	10	10	0	10	10	10	-1	10	10	126	156	10	10	-1	10	10	10	53	10	10	10	0	10	10	10	10	10	65	10	10	-1	-1	10	38	10	10	10	10	10	10	10	10	0	0	10	10	363	10	810	10	-1	10	36	10	10	45	-1	10	10	10	61	10	10	10	10	10	10	10	63	-1	10	0	10	112	10	10	0	0	10	10	10	10	109	0	10	0	10	10	10	10	10	10	0	-1	10	10	5733	-1	10	10	183	10	358	1033	10	10	0	10	10	710	599	10	10	-1	10	10	10	-1	10	10	0	10	46	0	-1	-1	10	0	-1	-1	0	10	160	10	10	10	10	10	10	110	10	10	10	10	10	10	10	57	-1	10	10	10	50	10	32	10	-1	0	246	10	10	10	10	4775	-1	-1	89	10	68	10	10	-1	10	10	0	383	0	0	10	5652	3793	0	10	10	10	10	10	10	10	532	-1	538	10	10	-1	10	10	10	0	39	339	10	10	44	10	10	10	10	69	10	10	-1	10	854	10	10	10	1607	10	-1	-1	10	0	10	0	0	1387	0	-1	28	10	27	755	117	0	10	10	326	10	0	10	10	10	10	10	10	10	10	707	41	-1	10	-1	-1	50	-1	10	771	10	10	0	-1	10	52	378	10	10	0	228	10	10	10	10	10	-1	10	10	10	-1	0	48	10	268	10	10	53	10	0	177	5376	10	10	10	0	10	10	0	210	10	42	101	77	-1	0	10	10	81	43	6612	-1	6557	106	210	0	10	413	1374	51	10	-1	292	10	10	0	64	-1	0	-1	417	10	10	10	85	0	10	0	10	52	10	10	10	205	6235	0	10	10	10	10	-1	0	31	10	40	55	-1	10	-1	578	10	0	10	110	102	10	-1	-1	10	10	-1	10	0	10	672	10	32	-1	120	10	0	2286	27	10	10	0	10	38	10	10	1176	64	10	85	0	0	10	118	10	10	10	-1	10	10	89	-1	10	975	50	
0	0	-1	-1	-1	3705	0	-1	1537	-1	390	0	0	2806	-1	-1	0	-1	4399	-1	-1	3725	0	-1	-1	1587	-1	0	-1	7212	58	-1	684	-1	336	-1	-1	29	25	0	54	2067	-1	-1	-1	-1	0	890	113	134	2934	-1	-1	1665	0	0	572	-1	-1	0	0	0	3252	508	-1	-1	-1	0	-1	0	0	-1	193	0	908	-1	1369	64	-1	1144	6523	29	49	63	0	-1	-1	0	96	0	4809	0	-1	-1	0	55	-1	8269	0	-1	-1	0	-1	-1	-1	-1	0	48	-1	-1	73	0	432	0	0	58	0	-1	0	1336	1512	0	0	-1	-1	-1	-1	-1	-1	-1	396	-1	-1	6693	-1	-1	-1	0	-1	39	0	-1	75	1327	-1	-1	0	-1	43	0	-1	29	25	0	-1	-1	4909	-1	0	2769	37	128	1623	-1	-1	-1	-1	7023	-1	96	-1	5861	-1	0	-1	60	-1	3650	-1	-1	0	0	-1	-1	-1	-1	-1	0	-1	-1	1913	-1	0	-1	0	112	0	-1	1500	0	-1	-1	-1	986	-1	-1	-1	0	-1	-1	0	-1	-1	-1	0	152	2355	2111	0	0	7964	0	-1	-1	-1	891	-1	-1	107	0	-1	-1	-1	240	-1	2064	-1	59	-1	-1	871	-1	-1	1393	77	0	-1	360	-1	-1	0	308	-1	101	0	5028	691	0	563	0	0	0	773	-1	61	0	-1	-1	0	283	60	233	217	0	0	0	21	0	-1	1838	-1	-1	-1	0	-1	90	-1	-1	0	-1	427	0	0	-1	4018	0	1825	167	778	1318	-1	0	0	801	277	35	-1	-1	0	0	-1	222	-1	4960	0	-1	2845	0	0	2778	0	-1	535	-1	-1	89	-1	0	202	-1	40	710	0	43	0	0	586	0	706	-1	0	-1	-1	-1	0	-1	0	-1	1544	0	-1	466	-1	-1	333	-1	-1	-1	-1	-1	98	-1	4612	-1	-1	1199	0	-1	0	-1	0	-1	162	-1	720	-1	-1	5522	1519	-1	0	0	0	-1	-1	-1	4590	610	0	-1	-1	1419	0	0	-1	-1	0	-1	-1	-1	-1	-1	-1	418	-1	490	183	-1	78	0	4332	0	-1	39	-1	-1	0	1688	-1	-1	0	0	242	0	-1	5955	-1	0	0	-1	-1	27	0	-1	-1	-1	-1	824	126	-1	7243	-1	-1	0	0	0	-1	0	-1	0	-1	-1	0	-1	32	241	-1	-1	0	-1	-1	2062	-1	-1	-1	-1	2077	32	1767	8405	-1	-1	0	-1	0	-1	0	-1	1037	3619	6016	-1	-1	239	433	0	6193	-1	0	-1	-1	-1	4394	-1	-1	4187	8036	1033	-1	0	
0	-1	368	0	1053	-1	-1	0	-1	16	0	-1	0	6224	-1	3844	-1	6	6	-1	-1	973	-1	-1	0	6	2169	0	-1	6	2725	0	-1	0	6	1308	4239	3201	71	19	-1	-1	6	-1	0	18	0	0	0	0	42	-1	4908	-1	37	-1	6	-1	3462	-1	6	31	18	24	-1	59	338	402	253	-1	6	-1	0	0	178	6	63	4089	6	0	730	6	0	335	-1	-1	-1	0	393	6791	2074	-1	63	29	-1	12	6	-1	6	33	0	-1	14	0	-1	176	6	0	6	0	2970	-1	-1	16	6	7807	-1	21	181	-1	38	2096	6	-1	0	0	4830	-1	-1	47	4982	0	215	-1	-1	-1	22	38	0	0	-1	16	6	0	-1	803	292	6	-1	57	-1	6	-1	0	616	0	6	54	1139	0	-1	26	142	2417	0	0	0	39	797	0	2781	37	3694	0	0	-1	37	-1	-1	0	-1	0	6	-1	6	95	0	-1	64	30	5105	0	6	6	0	0	16	6	-1	0	6	-1	4608	0	-1	324	0	0	22	-1	0	6	17	-1	33	47	0	0	12	6870	987	6	-1	-1	6	-1	219	225	-1	0	3121	-1	-1	-1	-1	6	634	319	0	0	-1	0	-1	-1	0	-1	7116	0	16	0	47	0	0	-1	0	-1	18	1703	0	1871	0	-1	6	14	353	6	6	0	0	154	6	18	0	-1	111	6	0	8400	771	8019	14	16	6	0	-1	0	0	1517	0	57	0	73	12	34	16	-1	0	-1	3323	2090	0	1280	4835	16	21	-1	871	-1	6	-1	0	1350	93	-1	0	0	-1	-1	0	3335	-1	5895	26	6	-1	149	-1	1642	6	2290	600	0	1279	-1	-1	-1	59	6	0	0	2116	-1	2135	43	-1	2184	329	6	-1	465	0	-1	-1	73	826	-1	-1	34	-1	-1	6	6	-1	-1	-1	0	18	290	40	54	-1	0	16	18	67	238	0	7821	-1	-1	12	0	0	50	-1	44	6	690	0	406	324	17	32	30	0	0	4869	0	-1	24	0	-1	6	6	89	599	8438	51	1903	-1	2958	0	-1	130	-1	0	0	8157	136	7498	-1	-1	0	2510	0	1437	5191	-1	16	-1	29	644	31	39	241	6	0	7071	-1	370	0	6	6	16	-1	6047	6	0	6	0	0	6	0	18	-1	-1	2033	-1	0	-1	6	6756	-1	-1	-1	0	191	-1	10	63	-1	5937	0	-1	6	430	0	-1	-1	22	-1	181	3534	101	38	10	0	12	0	270	0	53	-1	16	0	412	42	6096	29	6	
-1	0	46	0	0	48	-1	0	1191	-1	1942	-1	-1	813	-1	-1	6	-1	3706	-1	0	51	0	0	-1	0	-1	-1	0	-1	1582	1029	0	0	-1	-1	3645	-1	0	-1	-1	-1	0	1495	-1	62	0	0	-1	-1	-1	-1	1689	14	-1	-1	-1	-1	-1	-1	0	-1	-1	-1	-1	8009	-1	-1	0	-1	46	8	626	-1	98	-1	0	2539	76	0	145	57	0	-1	10	0	14	-1	1193	3632	0	226	-1	-1	557	-1	46	-1	-1	-1	-1	393	-1	0	0	-1	-1	-1	-1	-1	665	-1	-1	-1	525	-1	18	-1	0	-1	-1	0	0	0	34	0	89	-1	14	3700	1171	-1	8	-1	-1	14	-1	-1	89	-1	1180	-1	556	-1	146	0	1291	16	-1	0	0	-1	123	-1	-1	0	1584	-1	-1	-1	0	0	-1	-1	25	-1	-1	0	3501	608	-1	135	7065	6	-1	-1	0	0	2217	38	53	0	0	0	0	-1	0	22	-1	0	685	-1	74	784	64	0	36	-1	225	-1	19	-1	0	175	-1	2272	203	0	14	5326	49	-1	-1	-1	13	191	560	147	45	-1	-1	-1	-1	6	0	-1	130	0	-1	0	-1	0	-1	-1	22	0	0	-1	-1	-1	0	74	0	0	0	194	14	-1	-1	-1	1757	0	-1	-1	-1	-1	0	0	0	277	0	-1	167	-1	-1	-1	-1	-1	10	399	6394	3263	0	0	-1	-1	-1	453	-1	398	-1	1001	875	-1	2371	32	820	-1	-1	-1	-1	216	29	0	-1	-1	-1	-1	-1	0	-1	0	475	-1	-1	-1	-1	0	3777	-1	138	-1	826	0	-1	-1	-1	37	-1	42	-1	0	-1	-1	-1	0	0	0	57	119	16	-1	-1	-1	-1	6801	2512	-1	-1	-1	-1	-1	49	6	0	0	0	-1	0	-1	-1	0	14	0	-1	0	-1	-1	-1	-1	88	8	-1	2475	0	25	-1	73	0	14	-1	125	-1	0	1927	-1	-1	8	1358	24	-1	2394	7454	0	3803	-1	-1	0	0	-1	-1	-1	-1	-1	0	-1	0	0	-1	-1	-1	-1	-1	149	10	-1	-1	1214	28	0	142	18	-1	3354	-1	-1	211	902	0	0	16	-1	2418	-1	-1	-1	-1	-1	-1	-1	-1	-1	-1	111	880	-1	0	0	171	0	-1	-1	0	-1	7757	-1	85	-1	0	0	6903	-1	-1	0	0	38	70	-1	-1	-1	133	-1	-1	2045	82	23	0	-1	-1	-1	-1	-1	34	622	-1	8	6	-1	-1	108	63	-1	221	-1	0	-1	-1	376	18	39	292	95	0	6	199	340	-1	14	-1	1336	
-1	16	30	0	18	14	0	33	18	10	18	6	14	14	14	33	0	-1	318	6	18	6	6	18	0	14	14	6	0	18	14	6	35	14	16	18	-1	14	19	14	18	27	18	14	16	6	14	14	35	21	16	0	14	18	6	33	-1	21	18	18	21	14	18	106	14	0	6	14	35	18	14	6	6	6	14	14	14	14	14	-1	6	18	-1	18	310	643	14	-1	14	14	-1	21	6	18	6	-1	97	6	271	14	33	6	14	14	14	-1	21	6	18	14	6	18	16	18	6137	6	6	140	2110	18	18	-1	2031	-1	18	58	338	18	14	0	18	10	23	-1	16	16	18	-1	2918	14	6	14	6	0	6	40	6	6	6	3692	25	-1	58	6	14	14	14	4985	16	0	14	45	-1	0	21	2510	-1	21	0	6	34	18	146	40	18	21	14	-1	27	6	41	14	14	6	14	14	177	52	18	16	-1	21	-1	18	6	158	14	18	0	14	6	1151	26	16	18	14	-1	18	6	18	0	47	17	3342	18	-1	6	-1	18	6	491	14	16	0	14	14	14	25	14	18	29	22	14	6	5232	17	-1	14	6	2629	16	18	-1	62	18	27	-1	3155	6	6	14	24	115	6	317	3286	14	14	-1	18	6	6	6	16	14	6	16	0	6	18	18	21	157	6	17	6	16	31	14	29	14	6	6	18	46	0	178	6	6	18	14	6	5174	18	6563	59	6	53	117	237	6	125	6	6	14	219	18	6	0	14	18	14	6	0	14	1105	-1	14	0	-1	81	18	16	22	16	14	35	16	32	855	153	6	-1	6	14	18	14	6	27	14	14	6	14	6	14	48	27	14	16	-1	0	14	0	14	14	6	27	-1	31	5459	16	18	16	27	-1	0	35	6	14	21	18	14	18	14	163	6	14	-1	18	21	14	84	6	14	0	29	0	14	14	45	0	17	14	744	-1	6	-1	14	18	38	6	-1	6	6	6	791	0	49	14	14	6821	0	21	21	6178	14	6	16	6	34	-1	6	65	14	10	18	16	14	92	2961	14	0	14	35	18	6	33	14	27	6	6	14	40	18	-1	14	18	6	-1	6	-1	10	22	-1	16	6	18	-1	14	14	26	6	6	18	18	16	14	14	14	18	18	14	6	14	14	-1	16	18	39	25	45	6	6	6	18	121	6	18	18	31	18	6	14	26	6	18	32	18	14	18	
381	4383	14	-1	-1	37	78	0	35	14	76	-1	238	-1	0	5156	24	17	66	-1	1857	-1	329	1267	14	17	30	309	-1	24	37	-1	0	-1	100	97	-1	-1	15	0	0	17	39	0	657	116	-1	17	1272	0	14	-1	14	24	-1	0	260	14	2447	14	5163	-1	-1	0	0	-1	14	14	316	-1	4980	0	-1	14	21	36	-1	14	98	-1	19	1210	-1	0	-1	17	14	33	-1	14	22	0	0	1245	-1	17	401	27	15	1590	0	34	47	-1	14	19	0	3961	0	617	14	192	-1	123	0	0	0	14	-1	1904	-1	17	-1	14	14	-1	8286	58	-1	14	17	245	115	45	0	47	0	0	14	-1	666	-1	33	15	-1	0	0	6056	14	30	-1	15	37	0	14	-1	144	48	17	-1	-1	-1	15	36	86	0	45	8444	-1	132	-1	24	5975	14	15	542	14	656	28	31	-1	88	4610	-1	780	0	14	-1	4138	14	1079	-1	14	36	15	-1	63	0	62	15	1805	1295	118	23	0	0	18	0	0	0	349	-1	15	14	41	-1	-1	2034	-1	0	18	37	-1	39	14	-1	14	46	0	14	14	95	17	-1	-1	15	-1	0	-1	14	14	14	70	18	17	-1	14	53	-1	0	-1	-1	0	854	-1	0	129	39	-1	15	1050	14	72	0	0	0	460	36	-1	0	14	22	15	21	14	-1	72	17	19	14	0	14	0	-1	-1	0	328	18	17	0	33	-1	14	47	-1	39	-1	24	0	29	129	457	-1	250	81	14	3659	-1	29	14	17	14	15	-1	-1	146	87	1632	28	-1	14	-1	-1	14	255	-1	528	34	-1	35	500	5037	-1	-1	14	73	32	0	17	0	-1	-1	-1	0	-1	14	36	0	77	-1	-1	1037	14	4785	14	145	18	154	-1	36	-1	14	14	-1	0	102	-1	14	14	14	0	-1	-1	3576	-1	-1	14	-1	14	15	30	-1	231	5242	81	14	109	0	64	2169	14	0	14	17	18	32	14	18	3708	-1	-1	85	14	18	81	1000	0	14	42	14	-1	7430	1250	17	104	90	49	0	46	109	133	0	-1	-1	5901	14	-1	131	232	14	-1	30	0	0	14	18	-1	19	-1	-1	0	108	55	33	-1	31	0	14	-1	0	61	-1	14	17	37	15	382	113	14	-1	-1	14	-1	-1	89	18	1125	1238	19	14	399	14	2057	583	0	264	-1	172	34	26	86	-1	17	0	7057	15	-1	17	0	35	7519	14	-1	308	17	-1	18	26	14	22	
22	-1	-1	10	6	796	-1	24	-1	8495	-1	48	-1	0	6	0	102	134	2123	543	686	-1	10	232	6	22	1097	0	0	14	26	0	10	0	-1	0	35	-1	72	233	58	22	78	-1	38	-1	0	6	24	6	-1	2439	6	42	811	6	143	-1	6	332	991	486	10	-1	6	-1	702	127	0	518	6	0	-1	-1	6	1351	1288	330	308	399	6	0	6	223	50	482	198	6	24	120	0	-1	-1	-1	0	-1	0	168	0	22	-1	-1	0	-1	0	0	854	97	21	0	24	48	237	0	0	0	8187	117	6	-1	1142	35	0	-1	0	20	-1	-1	0	0	-1	-1	422	1463	24	701	24	193	0	0	0	5027	30	10	2576	6316	329	0	6	422	0	3403	-1	-1	6	0	2195	-1	6	-1	97	3222	0	0	118	6	22	65	-1	6	34	350	177	-1	-1	-1	23	24	-1	6	6563	6	24	18	-1	56	6	-1	4978	-1	45	0	0	6	49	-1	696	0	6	146	213	0	8460	-1	0	30	-1	103	0	-1	0	163	6	6	-1	26	-1	-1	-1	33	911	-1	1956	-1	10	26	0	6	-1	0	-1	52	3879	22	-1	42	68	-1	43	201	10	0	0	-1	4111	-1	65	0	-1	0	6	0	0	6	0	0	-1	0	6	69	-1	174	0	40	0	10	0	0	6	0	73	51	658	683	6	1158	-1	0	0	67	7243	172	24	76	-1	-1	-1	2174	73	6	-1	-1	266	47	-1	6	6	2732	981	68	0	720	418	1692	2008	0	6	117	-1	-1	6	3011	0	18	24	-1	-1	442	0	0	0	74	6	440	2982	0	28	0	42	2361	6	903	196	10	0	0	-1	0	6	10	0	4424	6	147	0	-1	6	1894	722	-1	0	25	-1	101	-1	211	106	-1	55	-1	0	-1	-1	1570	44	96	-1	536	-1	6	43	6	-1	0	0	24	22	232	-1	2325	-1	0	62	-1	-1	337	603	37	0	24	-1	0	7244	-1	0	6	0	6	46	4440	-1	-1	6	6	1902	0	119	0	0	0	1113	0	2097	6	6	0	-1	-1	0	0	6	6	6	0	6	0	2066	0	0	60	0	45	-1	1368	10	-1	64	209	-1	45	-1	486	100	26	28	0	0	235	6	40	554	-1	6	6	112	6	-1	6	6	24	1181	26	-1	0	-1	0	-1	48	-1	6	0	32	0	46	-1	46	-1	-1	0	6	16	6	531	6	-1	-1	6	-1	106	114	58	6	6	6	1116	0	69	-1	0	0	
-1	-1	-1	767	-1	-1	0	-1	-1	-1	-1	-1	-1	0	404	-1	2297	-1	29	-1	0	-1	678	-1	-1	50	263	-1	-1	-1	-1	1860	-1	0	-1	-1	-1	23	-1	-1	-1	0	-1	-1	-1	-1	-1	-1	-1	-1	22	1942	-1	-1	2719	0	-1	-1	592	-1	624	-1	0	-1	-1	-1	-1	0	48	-1	-1	-1	263	-1	0	-1	-1	-1	-1	-1	0	-1	0	1510	-1	-1	33	-1	-1	5977	-1	-1	0	0	0	-1	-1	1558	-1	-1	0	-1	-1	0	0	-1	-1	-1	-1	-1	-1	-1	-1	0	-1	-1	-1	-1	-1	0	-1	-1	77	-1	-1	-1	19	230	-1	-1	-1	-1	-1	-1	-1	-1	-1	-1	-1	0	0	-1	5013	-1	-1	-1	-1	-1	-1	837	-1	-1	0	1700	-1	-1	-1	-1	-1	59	-1	-1	-1	-1	-1	-1	-1	-1	20	22	0	-1	-1	0	292	-1	0	-1	-1	-1	4851	-1	-1	-1	-1	-1	-1	-1	-1	578	-1	-1	583	-1	0	-1	-1	-1	-1	-1	-1	-1	-1	-1	22	-1	-1	0	0	-1	-1	-1	-1	-1	-1	31	-1	-1	-1	0	0	-1	-1	-1	-1	-1	-1	-1	-1	-1	-1	-1	-1	-1	-1	46	-1	-1	-1	-1	-1	-1	-1	-1	126	3236	0	-1	-1	-1	-1	693	-1	-1	987	-1	-1	-1	-1	-1	-1	-1	-1	3765	28	-1	0	-1	175	-1	-1	-1	-1	-1	-1	-1	-1	-1	-1	-1	-1	0	0	-1	-1	-1	123	-1	0	-1	64	0	-1	-1	0	-1	-1	63	0	3425	-1	-1	-1	-1	-1	0	-1	-1	-1	172	-1	-1	-1	22	-1	-1	-1	0	-1	-1	100	-1	-1	231	-1	-1	75	-1	-1	282	0	-1	-1	0	-1	171	58	-1	20	3016	-1	-1	0	1342	-1	284	-1	-1	29	0	-1	1157	-1	-1	0	0	-1	22	-1	5081	-1	-1	29	-1	0	-1	0	-1	0	-1	0	-1	-1	6749	0	0	-1	0	-1	-1	-1	-1	-1	-1	-1	-1	-1	-1	-1	-1	-1	-1	-1	-1	286	-1	-1	-1	0	-1	-1	0	-1	-1	0	122	-1	-1	-1	-1	-1	0	-1	-1	-1	-1	74	-1	-1	4549	-1	-1	-1	-1	-1	912	-1	0	-1	-1	0	0	298	-1	90	-1	-1	0	0	-1	-1	-1	-1	-1	0	-1	-1	-1	88	-1	455	0	-1	3951	-1	3583	-1	-1	-1	0	-1	-1	-1	-1	-1	-1	-1	-1	-1	-1	-1	-1	70	-1	62	-1	715	8338	24	-1	-1	-1	-1	-1	6592	3992	19	-1	-1	-1	-1	3249	-1	5929	-1	5998	-1	-1	-1	-1	
-1	-1	-1	-1	-1	937	-1	7486	-1	82	-1	0	-1	0	-1	-1	-1	28	-1	16	-1	169	-1	0	-1	268	2198	10	0	-1	0	-1	-1	85	150	18	1077	0	-1	711	176	-1	0	207	10	-1	0	-1	-1	-1	602	-1	-1	0	-1	-1	210	-1	0	-1	8	-1	-1	-1	356	-1	-1	-1	-1	-1	-1	-1	-1	-1	-1	130	0	-1	-1	-1	-1	0	-1	-1	-1	-1	-1	-1	-1	-1	-1	10	-1	0	0	-1	6703	-1	-1	40	494	175	-1	-1	-1	-1	-1	-1	-1	-1	-1	0	0	-1	-1	18	-1	-1	0	0	-1	-1	-1	92	2794	-1	-1	-1	0	0	-1	-1	-1	-1	0	-1	133	10	242	215	-1	-1	-1	-1	0	-1	-1	-1	-1	-1	-1	-1	0	0	-1	0	413	10	-1	-1	328	-1	-1	240	-1	-1	-1	-1	-1	-1	-1	-1	0	8	-1	-1	-1	0	-1	3868	-1	-1	-1	-1	-1	5512	0	-1	-1	0	914	-1	-1	-1	-1	-1	-1	-1	-1	70	18	-1	-1	-1	157	192	-1	-1	-1	-1	0	-1	1192	8	62	0	-1	10	0	-1	0	-1	0	34	-1	-1	-1	-1	80	-1	0	0	1586	-1	0	0	-1	-1	-1	292	0	0	0	93	-1	-1	-1	-1	244	-1	140	0	-1	18	-1	-1	5693	-1	5501	0	0	170	-1	-1	-1	-1	-1	743	-1	424	97	-1	112	0	-1	10	344	0	0	36	0	11	26	-1	2914	0	-1	-1	0	-1	62	-1	-1	-1	539	-1	-1	0	-1	-1	7709	-1	-1	-1	-1	24	5564	-1	0	-1	-1	-1	-1	408	0	-1	18	0	-1	-1	643	-1	-1	-1	-1	0	-1	0	-1	-1	-1	33	0	-1	-1	0	-1	-1	358	3151	0	0	-1	-1	0	96	-1	0	-1	0	-1	1386	-1	0	-1	0	-1	16	-1	-1	247	-1	0	-1	-1	-1	-1	18	-1	-1	-1	-1	-1	113	-1	-1	18	-1	-1	4312	0	-1	132	-1	16	-1	-1	69	-1	390	-1	-1	-1	177	302	-1	0	-1	-1	-1	-1	-1	0	0	-1	-1	-1	274	107	-1	-1	0	8	0	-1	5263	-1	25	40	-1	-1	-1	-1	-1	-1	-1	-1	5277	-1	112	-1	20	-1	247	-1	-1	84	0	-1	555	-1	-1	-1	5384	-1	-1	-1	0	-1	0	0	-1	0	-1	-1	553	-1	-1	-1	-1	0	-1	-1	-1	1653	23	-1	-1	-1	-1	347	-1	-1	-1	-1	-1	3241	-1	-1	-1	-1	20	-1	-1	-1	-1	-1	-1	0	2572	-1	0	-1	0	1520	124	0	-1	-1	3726	
0	1519	-1	2552	511	-1	0	0	-1	88	-1	-1	34	8283	-1	0	-1	-1	-1	0	0	-1	-1	7259	-1	175	-1	0	199	-1	1609	-1	-1	-1	0	5648	0	2349	0	-1	293	-1	0	297	0	536	-1	-1	249	-1	-1	335	-1	191	-1	0	641	0	5483	0	74	4756	0	-1	216	-1	-1	-1	-1	-1	-1	0	-1	-1	2793	-1	2903	0	2507	-1	-1	54	0	-1	-1	-1	-1	-1	-1	0	595	0	-1	-1	-1	-1	0	-1	-1	0	0	388	226	0	-1	-1	144	0	1870	-1	0	8564	-1	-1	-1	-1	-1	34	-1	-1	0	0	-1	0	0	-1	0	-1	0	-1	-1	1389	-1	4503	0	0	-1	0	0	0	0	0	2216	-1	-1	0	0	56	-1	-1	3396	381	-1	-1	-1	0	-1	0	-1	0	-1	-1	0	-1	-1	275	4037	-1	961	-1	-1	-1	0	1205	8276	-1	-1	-1	1861	182	-1	-1	-1	0	-1	-1	-1	0	-1	-1	-1	-1	0	-1	-1	-1	-1	-1	0	-1	-1	101	-1	0	-1	-1	-1	0	-1	-1	0	130	-1	3417	-1	-1	-1	4473	0	6236	0	-1	0	-1	-1	-1	-1	-1	0	-1	0	-1	-1	-1	-1	-1	-1	0	-1	0	-1	0	-1	0	-1	0	-1	-1	-1	-1	-1	2550	731	4959	-1	0	7321	-1	-1	-1	-1	-1	387	-1	-1	-1	-1	-1	-1	-1	-1	2066	-1	-1	0	326	-1	-1	258	-1	-1	-1	-1	0	-1	-1	-1	0	466	0	-1	-1	-1	35	-1	-1	-1	703	-1	-1	-1	-1	7362	-1	-1	1669	0	-1	273	-1	0	6585	1789	0	0	-1	1282	-1	-1	-1	1539	-1	-1	-1	-1	0	0	-1	-1	2147	127	-1	-1	-1	1155	-1	-1	-1	-1	-1	-1	0	149	-1	0	3771	-1	4654	428	0	746	150	59	-1	-1	379	194	-1	-1	3602	-1	-1	7996	170	0	4385	0	-1	61	-1	-1	3825	0	0	-1	-1	33	-1	-1	-1	-1	-1	-1	-1	-1	0	0	-1	-1	4040	0	-1	0	-1	0	0	5184	3845	0	-1	0	0	7467	744	6265	-1	-1	1786	113	-1	-1	-1	-1	0	-1	-1	0	-1	-1	-1	-1	68	0	-1	-1	0	-1	-1	-1	-1	3447	-1	-1	-1	-1	216	88	-1	-1	592	-1	0	-1	154	0	0	76	0	0	-1	-1	-1	-1	1182	-1	-1	-1	-1	-1	-1	0	0	-1	0	-1	-1	-1	0	-1	2172	-1	-1	7267	-1	0	-1	0	-1	118	0	0	-1	-1	-1	-1	190	-1	-1	-1	-1	335	-1	1289	4181	-1	-1	-1	-1	0	-1	
-1	6	389	159	-1	-1	-1	124	-1	-1	-1	33	46	-1	0	6	-1	0	44	6	-1	1677	12	-1	6	0	0	-1	-1	0	141	6	59	6	-1	-1	-1	-1	422	57	6	-1	0	10	0	404	45	6	6	514	299	0	0	5311	0	0	10	1743	331	3003	-1	0	-1	0	105	6	10	-1	0	338	-1	-1	-1	1319	394	6	0	0	28	0	102	6	-1	290	0	160	-1	158	0	965	6	335	0	0	-1	73	867	183	4186	610	149	145	3896	6625	-1	5444	0	10	3375	-1	-1	81	3330	6	-1	-1	8163	462	417	-1	152	614	6	-1	10	10	-1	10	0	10	-1	1483	10	6	323	996	1610	0	10	48	10	10	10	-1	566	-1	10	10	374	118	0	1318	-1	49	10	564	-1	253	10	1537	-1	6	0	6	6	627	-1	-1	10	83	-1	205	512	-1	59	-1	490	20	372	-1	-1	38	-1	0	6	-1	0	-1	10	-1	0	0	-1	-1	-1	10	10	6	1016	320	12	6	0	4247	6	1895	0	0	2078	4498	-1	44	0	-1	0	268	-1	10	6	0	6	152	6	6	0	6	-1	-1	0	6	4328	61	-1	6	-1	0	6	-1	6	1230	-1	23	-1	0	-1	-1	6	-1	294	33	306	0	-1	0	1713	63	4282	-1	658	6	0	0	-1	6	1023	-1	72	52	106	0	5482	0	-1	75	-1	10	0	-1	1726	0	990	0	219	770	6	6	-1	6	0	7141	8169	0	6	61	4194	-1	10	0	43	0	77	576	-1	730	-1	53	-1	543	6	6	15	0	2236	-1	0	973	0	4632	4901	0	1760	1950	0	0	0	70	0	-1	0	0	153	-1	-1	-1	66	10	-1	-1	0	0	128	6	416	-1	5169	163	-1	36	10	-1	-1	-1	-1	6	583	0	0	-1	0	4751	33	7336	190	-1	181	10	0	-1	0	0	0	239	0	10	1329	-1	156	43	0	0	1645	10	6	734	1456	0	7422	12	6	0	0	-1	492	6	6	-1	0	-1	0	10	6	-1	0	0	-1	436	514	0	6	6671	6	20	6	517	6	46	-1	10	10	101	161	365	10	-1	6	4286	-1	-1	0	0	240	6	10	464	0	313	57	0	10	42	-1	-1	12	167	1353	-1	0	10	0	10	0	60	723	119	12	0	0	0	720	-1	-1	-1	-1	1776	0	0	0	0	1081	4052	-1	-1	173	6	6	6581	6467	10	10	-1	0	0	2630	0	-1	6	0	-1	3253	6298	2076	98	6	228	10	6	6	-1	6	5576	
63	-1	-1	-1	-1	0	-1	-1	-1	-1	-1	288	248	-1	3055	4273	88	-1	-1	-1	0	-1	0	-1	5643	0	698	2187	100	0	-1	-1	0	-1	0	-1	-1	423	-1	439	-1	0	-1	-1	-1	-1	0	-1	-1	-1	-1	-1	226	-1	-1	0	-1	0	-1	-1	-1	216	485	-1	-1	203	71	-1	0	-1	0	-1	0	0	379	-1	-1	-1	408	-1	-1	0	0	0	0	5056	-1	0	4764	-1	-1	0	-1	2617	1137	0	879	-1	-1	7898	-1	-1	0	-1	-1	0	0	0	-1	-1	46	0	-1	852	-1	-1	-1	0	44	-1	-1	3449	-1	0	-1	-1	-1	3861	-1	360	-1	-1	0	-1	-1	-1	0	-1	0	0	-1	0	0	0	50	-1	5109	-1	-1	-1	64	-1	2243	0	961	-1	46	5790	0	-1	0	0	60	-1	0	60	0	0	0	-1	-1	0	0	-1	0	-1	1045	0	-1	0	0	-1	0	378	-1	0	-1	-1	0	-1	-1	-1	-1	39	-1	-1	339	-1	0	46	0	82	1880	8150	-1	0	2057	-1	-1	-1	-1	-1	-1	196	0	-1	0	-1	216	177	7240	-1	0	419	6254	-1	-1	-1	799	-1	-1	0	3201	-1	-1	-1	-1	5109	-1	-1	-1	-1	-1	-1	112	-1	-1	-1	230	-1	0	-1	-1	-1	143	0	7577	-1	50	-1	-1	534	-1	0	0	-1	4869	45	-1	-1	4702	1405	683	-1	-1	52	-1	-1	30	-1	1368	-1	-1	0	-1	-1	40	-1	0	142	60	60	0	0	3703	0	-1	3073	3119	0	-1	-1	6969	-1	-1	-1	-1	-1	8313	-1	-1	-1	7785	-1	0	-1	0	4796	-1	206	-1	-1	-1	0	2628	2965	-1	-1	-1	6138	-1	103	0	-1	-1	-1	-1	-1	0	0	65	-1	30	-1	0	-1	-1	0	5778	0	-1	0	-1	5004	-1	173	-1	65	-1	1622	248	0	-1	0	-1	-1	-1	-1	-1	61	3230	362	1011	-1	-1	750	-1	-1	219	1315	-1	-1	-1	0	-1	92	-1	0	-1	-1	-1	109	-1	-1	0	-1	0	-1	-1	-1	28	-1	-1	0	72	3428	114	0	-1	0	0	-1	-1	-1	-1	0	-1	0	-1	0	5305	-1	4560	0	-1	-1	-1	5298	6115	-1	373	-1	-1	659	-1	1129	178	-1	-1	103	6135	90	-1	204	-1	-1	-1	0	0	0	-1	0	-1	-1	-1	-1	0	4135	-1	53	-1	-1	0	-1	4026	580	-1	-1	48	2502	-1	6965	0	-1	-1	-1	35	-1	-1	-1	444	-1	0	8292	0	0	69	-1	-1	-1	-1	-1	-1	25	-1	-1	-1	-1	0	0	
14	-1	-1	-1	0	304	0	-1	-1	0	1322	3337	-1	0	-1	-1	56	282	-1	-1	-1	-1	-1	0	0	-1	-1	-1	33	-1	-1	-1	21	-1	-1	-1	-1	515	0	-1	-1	-1	32	21	1709	0	0	29	18	18	-1	2004	-1	12	0	-1	-1	0	20	0	4183	-1	5484	-1	176	70	14	775	-1	296	146	343	-1	-1	0	163	772	14	-1	0	40	0	1063	-1	0	2946	510	0	-1	0	353	-1	-1	-1	0	-1	-1	46	832	0	-1	1294	-1	-1	-1	0	0	-1	6343	2803	15	23	-1	-1	-1	-1	419	0	3338	0	0	-1	-1	0	297	-1	276	-1	237	5220	-1	2393	0	-1	-1	-1	6747	976	0	0	0	0	7406	-1	6247	-1	15	-1	41	146	-1	33	73	-1	60	-1	-1	14	24	1919	0	0	-1	21	3342	0	-1	-1	-1	15	17	0	-1	162	33	14	-1	293	-1	27	579	-1	-1	-1	2067	-1	0	-1	-1	-1	-1	-1	81	19	0	-1	39	15	0	236	1260	-1	-1	14	-1	6683	213	0	138	0	-1	62	399	18	157	12	-1	-1	-1	-1	528	89	-1	-1	-1	0	-1	20	124	-1	-1	-1	-1	19	-1	-1	-1	0	12	183	471	-1	146	0	72	-1	-1	-1	12	14	-1	-1	0	0	414	197	1746	0	-1	1671	-1	0	-1	184	14	104	-1	-1	0	84	0	-1	3611	15	114	0	-1	18	-1	12	510	1373	0	120	152	-1	50	34	0	51	-1	3522	2163	72	0	0	-1	-1	-1	17	0	-1	14	168	83	-1	-1	12	6396	-1	2837	-1	-1	0	87	-1	-1	0	-1	0	20	0	0	0	-1	361	-1	53	786	0	-1	14	-1	-1	7927	0	3795	0	2768	12	-1	-1	0	-1	-1	-1	-1	0	-1	866	3436	203	0	-1	0	2914	-1	-1	-1	0	-1	0	-1	0	-1	0	-1	-1	49	-1	15	165	14	-1	-1	4700	32	102	0	-1	0	-1	12	-1	-1	44	0	0	0	92	-1	192	-1	4802	-1	-1	0	482	1178	14	0	4974	-1	0	-1	71	0	653	326	-1	0	-1	-1	-1	-1	6856	0	-1	378	-1	-1	2470	-1	0	4033	851	-1	-1	455	0	2209	14	63	0	0	3967	0	-1	0	17	1125	-1	-1	0	1027	0	128	-1	0	0	-1	0	-1	-1	0	-1	0	0	0	-1	34	0	-1	0	4693	-1	0	108	-1	15	20	-1	-1	0	1278	-1	14	-1	0	273	7247	670	-1	-1	0	0	6059	-1	0	1335	-1	461	36	1116	-1	14	-1	0	0	351	
8058	-1	0	6	677	-1	0	-1	47	6	6	-1	3881	86	31	6	-1	-1	-1	628	-1	-1	2692	7411	6	0	6	6	-1	6	-1	-1	0	-1	-1	10	6	0	6	0	-1	-1	0	6	6	0	0	6	6	-1	6	6024	6	-1	-1	6	-1	0	0	-1	6300	6	2839	-1	-1	-1	-1	-1	-1	6	2136	88	4927	0	10	-1	3300	0	-1	-1	1621	6	0	-1	597	4698	-1	0	10	0	0	-1	699	0	0	-1	-1	6	-1	-1	125	-1	-1	7067	-1	0	0	198	-1	-1	6	79	315	0	6	-1	-1	10	1470	-1	-1	3093	-1	-1	-1	-1	6	-1	-1	1728	108	-1	-1	0	-1	-1	10	110	-1	-1	846	2922	6	0	-1	0	-1	-1	0	0	0	6	6	1461	0	-1	54	6	6	-1	-1	-1	6	-1	0	6	-1	6	0	0	-1	-1	6	-1	0	-1	6795	-1	-1	-1	467	30	1189	10	-1	0	-1	-1	0	0	251	0	10	-1	86	-1	0	6	6	-1	-1	-1	1876	1738	-1	-1	6	-1	-1	-1	-1	-1	0	6	1287	-1	0	-1	6	6	3599	-1	0	6	6	6	6	6	3510	-1	-1	0	-1	-1	0	1125	35	-1	6	6	2449	6	-1	0	-1	6	-1	226	0	6	-1	-1	-1	6	-1	6	216	0	6	5880	-1	0	6	-1	98	6	6	-1	6	-1	6	-1	21	1116	-1	-1	-1	63	-1	-1	6	-1	33	-1	6	6	31	-1	6	6	0	6	0	-1	-1	-1	-1	-1	627	8331	-1	-1	2898	-1	6	-1	4944	6	6	-1	6	0	0	-1	6	6	35	6	1430	14	-1	0	0	-1	-1	0	1825	6	6	0	0	0	6	6	764	14	358	6	6	0	328	6617	-1	-1	6	-1	57	4066	6	-1	-1	-1	-1	0	203	107	0	1834	-1	-1	302	0	1179	-1	53	0	6	-1	6205	6	-1	-1	-1	-1	5143	-1	6	6	6	-1	28	6	-1	6	0	51	0	6	6	139	-1	6	-1	-1	246	-1	-1	0	6	-1	6	0	6	-1	10	-1	6	6420	6	0	0	0	-1	-1	1362	6	50	-1	-1	6	-1	6	-1	4621	5983	10	-1	6	6	-1	-1	-1	10	0	0	6	-1	-1	-1	-1	1462	67	74	248	6	-1	-1	0	-1	-1	6	-1	3313	10	-1	6	-1	6	-1	6	-1	0	0	231	6	0	0	0	3532	6	0	6	0	10	43	0	1845	-1	-1	1173	-1	0	1167	6	0	6	60	0	6	713	6	23	6	-1	6	21	6	6	6	6	
-1	227	-1	6060	-1	106	-1	340	1125	-1	-1	-1	36	-1	-1	-1	-1	800	43	78	-1	0	3711	-1	111	98	22	0	72	-1	174	0	0	-1	-1	211	-1	154	0	148	-1	0	-1	1665	572	61	611	72	28	-1	22	-1	607	-1	-1	-1	-1	-1	1096	-1	22	-1	47	48	24	28	20	41	0	0	2683	0	8	8	2465	-1	8	-1	71	445	-1	232	1092	-1	-1	387	0	365	8	-1	-1	0	51	-1	170	-1	-1	5354	8	-1	0	-1	-1	59	-1	0	-1	91	0	-1	0	1034	39	8	17	-1	-1	0	-1	627	8	-1	-1	-1	0	-1	0	0	6161	0	-1	6460	30	-1	-1	8	0	214	85	6216	60	-1	0	8	-1	-1	14	0	240	-1	-1	0	6384	-1	-1	-1	-1	68	1037	46	-1	-1	0	80	-1	-1	0	27	-1	-1	0	2795	-1	70	0	-1	0	25	0	106	3319	235	-1	-1	1046	0	-1	-1	-1	-1	-1	959	-1	-1	-1	0	-1	2874	74	0	22	22	339	-1	-1	167	3238	0	0	21	21	-1	532	0	-1	-1	0	-1	-1	4376	140	43	-1	-1	-1	22	22	-1	-1	-1	403	227	3877	0	14	77	-1	-1	29	8026	32	8	8	-1	226	-1	0	213	-1	0	-1	-1	334	8	-1	-1	28	19	-1	0	-1	81	-1	4325	46	0	89	-1	0	55	8	22	22	-1	-1	2028	-1	17	-1	-1	0	-1	-1	198	8	-1	20	52	-1	0	-1	0	0	-1	30	0	-1	-1	-1	-1	-1	-1	-1	40	-1	0	22	0	212	0	139	8	-1	-1	-1	-1	-1	-1	0	-1	-1	6798	208	75	44	2543	-1	393	-1	30	0	-1	201	-1	-1	334	-1	-1	6840	6307	84	8	-1	-1	-1	0	-1	-1	0	36	8	141	122	-1	-1	3924	-1	0	135	37	683	-1	-1	-1	-1	0	0	-1	8	-1	37	-1	31	-1	203	-1	18	121	-1	-1	266	44	8	0	-1	2689	-1	0	-1	0	0	-1	-1	14	8026	1241	0	-1	-1	33	80	-1	-1	577	8	-1	4896	21	-1	-1	20	10	8	0	-1	106	-1	-1	1310	38	-1	0	8	-1	-1	-1	-1	5755	-1	-1	23	0	8	-1	-1	3396	40	-1	956	-1	250	-1	247	36	19	32	-1	0	-1	-1	-1	160	-1	-1	412	0	-1	-1	113	0	0	-1	0	8	2024	-1	-1	3162	43	33	-1	-1	28	245	-1	110	-1	842	22	-1	-1	0	0	456	-1	-1	129	-1	-1	-1	-1	-1	32	-1	5404	7194	94	0	486	-1	
-1	-1	-1	-1	-1	30	-1	-1	-1	-1	-1	7035	-1	-1	-1	111	-1	18	-1	-1	-1	-1	92	-1	29	-1	0	-1	-1	-1	1333	-1	3538	-1	-1	-1	-1	-1	-1	33	28	0	-1	-1	-1	-1	-1	-1	-1	22	-1	187	-1	-1	0	-1	261	294	435	0	-1	-1	32	-1	535	-1	-1	1343	-1	-1	1330	0	23	18	0	1497	-1	-1	-1	-1	-1	378	0	-1	-1	-1	-1	-1	23	-1	-1	-1	7095	-1	-1	-1	-1	-1	-1	0	-1	0	0	1717	0	0	-1	-1	0	-1	-1	1124	-1	-1	22	-1	0	23	-1	-1	-1	27	-1	-1	68	-1	-1	-1	0	-1	-1	197	-1	-1	0	30	-1	-1	65	-1	-1	658	123	-1	0	39	-1	-1	-1	25	0	-1	-1	-1	-1	-1	-1	-1	85	0	330	5068	-1	-1	134	-1	-1	-1	-1	-1	0	-1	-1	37	-1	-1	-1	7560	-1	-1	-1	-1	886	-1	27	-1	-1	-1	-1	96	464	-1	-1	-1	53	-1	53	0	-1	-1	0	0	-1	-1	-1	-1	-1	-1	34	-1	-1	-1	-1	-1	-1	18	632	-1	-1	252	74	-1	-1	-1	-1	5111	276	-1	-1	-1	-1	3007	-1	-1	-1	-1	-1	-1	0	-1	-1	568	-1	0	-1	-1	-1	28	-1	0	-1	-1	208	-1	-1	263	41	799	32	-1	-1	-1	1235	1343	-1	-1	22	-1	944	-1	-1	35	-1	62	-1	-1	-1	-1	-1	-1	117	-1	-1	-1	-1	-1	233	-1	-1	34	50	-1	-1	-1	0	-1	0	18	-1	0	0	-1	-1	33	0	-1	-1	-1	-1	5120	119	-1	-1	1654	-1	-1	69	-1	22	48	0	0	-1	-1	-1	1921	0	-1	-1	149	39	7704	-1	-1	-1	-1	-1	-1	219	-1	-1	0	-1	-1	0	-1	-1	0	27	0	-1	0	-1	-1	-1	22	-1	1780	-1	-1	188	194	-1	-1	0	2878	-1	-1	-1	22	-1	0	0	-1	-1	-1	571	-1	-1	18	-1	40	0	0	36	133	18	-1	-1	105	0	40	-1	78	0	-1	-1	28	-1	1394	905	107	0	33	3121	-1	0	-1	308	18	-1	-1	-1	-1	37	-1	-1	-1	-1	-1	-1	-1	-1	18	-1	-1	-1	-1	0	-1	-1	-1	-1	-1	6549	-1	0	-1	-1	37	7034	-1	-1	0	-1	0	-1	-1	0	-1	-1	18	-1	7415	-1	0	-1	-1	-1	-1	-1	-1	35	-1	-1	84	-1	-1	240	31	-1	-1	-1	34	-1	-1	-1	-1	-1	530	2084	-1	-1	0	0	-1	229	-1	0	-1	-1	104	-1	0	1093	-1	0	-1	-1	-1	
0	2333	-1	0	0	12	3903	1922	0	612	177	-1	-1	-1	-1	-1	0	-1	500	24	0	39	-1	-1	0	-1	-1	-1	33	40	54	193	2132	33	0	0	77	247	-1	62	269	-1	-1	290	-1	-1	-1	-1	-1	-1	107	0	-1	0	140	54	-1	-1	2663	494	2684	35	0	24	16	0	43	115	62	-1	32	12	149	24	4269	-1	-1	12	32	27	39	-1	45	3584	62	-1	6875	0	-1	129	33	-1	49	-1	66	-1	-1	0	289	350	0	2216	0	-1	-1	656	40	200	1703	-1	-1	-1	-1	35	-1	662	-1	39	-1	0	4113	24	315	-1	32	7977	1907	271	0	3608	0	338	0	286	0	81	43	43	24	21	0	0	-1	-1	-1	56	58	32	-1	46	1582	0	100	0	753	24	97	-1	67	72	1623	36	-1	-1	0	59	-1	0	24	0	16	12	49	0	125	-1	47	995	0	0	-1	0	31	379	32	45	-1	4982	369	-1	-1	0	67	26	-1	0	0	5639	3241	111	96	67	-1	16	24	0	175	0	0	-1	46	95	192	34	-1	71	24	0	0	406	4173	1133	61	0	85	-1	0	1673	-1	2803	0	-1	-1	0	21	-1	73	1690	56	0	166	0	-1	0	24	53	-1	-1	-1	0	4024	80	5949	44	0	58	-1	42	889	0	-1	0	585	-1	-1	0	35	394	-1	1800	696	336	207	-1	-1	-1	0	-1	-1	2136	487	-1	0	64	7941	0	0	0	0	4925	0	59	-1	-1	-1	1229	321	24	62	-1	0	5161	-1	-1	0	0	-1	-1	-1	24	34	132	0	-1	-1	-1	-1	0	224	-1	0	0	-1	-1	70	110	1265	68	4195	3672	2495	0	-1	155	256	201	24	-1	-1	-1	33	-1	21	-1	46	907	24	0	-1	-1	72	0	158	-1	-1	-1	-1	1375	0	0	2970	435	-1	16	-1	169	30	180	5095	0	226	0	0	72	24	-1	186	1734	0	-1	0	0	-1	0	63	24	0	-1	49	0	-1	24	2138	0	-1	44	732	-1	-1	0	-1	157	-1	170	36	62	-1	16	-1	0	71	297	19	869	-1	-1	0	12	35	2311	-1	0	5595	0	63	-1	0	-1	175	28	2566	863	2015	-1	-1	24	0	-1	106	4615	-1	-1	0	35	0	-1	36	-1	262	244	24	2119	4123	-1	24	-1	2795	89	-1	0	4304	-1	0	1525	0	6262	24	39	-1	-1	-1	77	360	33	-1	-1	0	1885	0	0	45	0	90	0	0	0	-1	0	-1	24	1177	-1	16	0	47	0	-1	0	-1	107	
-1	0	561	65	-1	0	-1	0	-1	-1	-1	-1	-1	4191	114	-1	0	-1	0	-1	-1	-1	0	0	3292	109	95	-1	161	0	-1	0	4422	0	-1	1734	-1	0	624	3895	-1	96	903	63	1805	-1	0	-1	0	-1	237	0	0	0	-1	-1	0	105	81	-1	0	0	0	-1	-1	0	2502	72	0	-1	-1	2638	1009	574	0	-1	0	5428	-1	1878	-1	-1	0	0	110	-1	4196	934	-1	-1	356	-1	-1	-1	-1	0	7156	55	-1	-1	-1	-1	157	6144	5067	85	0	0	0	43	-1	1026	0	0	0	-1	147	93	135	-1	-1	0	-1	141	0	-1	3560	0	-1	0	205	-1	1218	3312	0	-1	377	145	-1	91	170	0	3018	0	0	-1	0	1387	3692	279	0	1955	103	197	0	-1	0	177	254	0	0	3875	0	0	5004	965	-1	-1	-1	-1	0	0	-1	909	1214	5574	755	0	0	0	-1	526	-1	-1	112	2716	-1	4526	0	-1	-1	0	0	-1	-1	659	0	-1	183	-1	1205	162	7901	75	0	237	0	0	-1	0	2021	-1	0	8392	-1	-1	-1	-1	-1	646	343	0	2614	0	3283	-1	-1	0	0	318	6168	-1	268	-1	-1	-1	2312	-1	0	1481	0	0	236	299	-1	0	188	-1	-1	0	-1	-1	-1	284	-1	0	0	-1	0	0	4842	0	-1	4359	-1	-1	0	-1	231	0	1635	4650	2407	-1	-1	310	-1	-1	-1	-1	-1	0	0	-1	-1	213	0	-1	-1	-1	-1	0	-1	3493	-1	973	-1	-1	-1	112	57	196	236	0	6942	-1	-1	8349	0	-1	317	0	312	8081	-1	0	0	767	61	-1	-1	-1	0	1792	-1	-1	-1	0	132	0	0	0	6376	2004	0	0	-1	-1	0	7156	95	3336	0	-1	-1	-1	-1	-1	-1	-1	0	0	0	5132	0	4822	0	0	0	2408	118	-1	0	-1	0	0	-1	-1	8182	109	1104	2688	-1	-1	0	166	-1	-1	0	-1	0	0	1470	1759	-1	1251	-1	-1	2520	3048	-1	-1	0	0	0	2292	0	0	0	2775	1530	117	5916	-1	-1	0	-1	0	-1	1749	-1	-1	683	206	0	-1	0	-1	-1	0	740	123	-1	-1	0	0	-1	2795	-1	-1	-1	2224	-1	0	145	0	-1	0	-1	0	0	237	2086	-1	-1	0	1583	-1	-1	355	765	0	260	82	0	78	4671	5604	0	-1	0	0	0	-1	828	-1	3715	-1	-1	-1	-1	-1	498	0	-1	-1	0	55	1442	0	-1	0	-1	-1	6442	-1	0	1212	224	2781	-1	-1	114	263	0	0	0	0	-1	-1	
-1	-1	16	25	4009	-1	-1	-1	55	-1	73	-1	-1	-1	271	21	16	109	-1	-1	-1	-1	-1	-1	-1	-1	952	-1	0	-1	0	-1	-1	-1	2414	-1	-1	5761	133	-1	21	-1	38	132	66	-1	31	-1	-1	-1	0	-1	-1	-1	-1	-1	-1	12	-1	-1	0	-1	-1	610	0	-1	-1	817	-1	12	-1	-1	508	654	4750	0	1468	8137	-1	929	-1	328	-1	468	-1	-1	-1	-1	-1	31	-1	58	-1	-1	0	-1	-1	-1	-1	-1	-1	-1	-1	-1	411	-1	281	-1	179	0	0	-1	-1	32	0	18	-1	-1	-1	-1	2347	183	-1	-1	12	-1	0	-1	-1	21	-1	-1	88	23	-1	6967	51	27	-1	433	-1	-1	-1	639	-1	21	12	-1	-1	16	-1	-1	-1	0	-1	-1	-1	-1	104	0	0	-1	-1	16	90	-1	-1	12	-1	0	58	12	376	-1	-1	198	-1	0	188	-1	-1	302	-1	1095	12	-1	310	0	-1	144	16	-1	-1	-1	-1	-1	-1	-1	-1	-1	4891	-1	0	12	69	6199	922	-1	0	0	-1	-1	-1	-1	7787	-1	-1	0	88	-1	-1	-1	-1	-1	259	-1	-1	-1	-1	-1	0	-1	-1	-1	146	-1	-1	-1	-1	16	140	-1	0	-1	-1	21	2420	12	-1	-1	-1	21	16	4449	210	-1	-1	16	33	-1	-1	73	16	84	-1	34	-1	39	-1	-1	560	3207	-1	409	-1	-1	-1	0	3591	87	-1	0	0	4366	53	0	-1	-1	-1	-1	-1	24	-1	-1	0	8218	0	178	-1	12	0	-1	-1	-1	-1	-1	0	572	-1	-1	-1	0	-1	0	16	-1	-1	-1	-1	-1	-1	1528	21	12	2472	-1	16	-1	46	12	19	-1	-1	52	132	-1	652	461	-1	0	-1	993	0	-1	-1	26	16	561	-1	12	-1	-1	21	-1	-1	-1	-1	-1	21	1011	-1	40	-1	16	0	-1	-1	-1	-1	-1	16	2150	239	277	-1	338	37	-1	0	-1	-1	-1	-1	0	0	-1	0	-1	-1	2329	-1	97	-1	149	16	0	-1	-1	37	0	94	110	-1	-1	-1	-1	143	-1	43	16	0	-1	-1	-1	221	-1	-1	109	-1	35	71	-1	81	-1	-1	0	16	0	1854	0	-1	4231	-1	-1	37	189	-1	-1	-1	-1	-1	703	16	36	-1	-1	3116	16	-1	184	-1	-1	-1	0	6363	842	16	-1	-1	-1	-1	16	-1	3379	0	-1	-1	44	-1	757	-1	-1	-1	225	-1	71	12	558	-1	36	-1	-1	-1	-1	61	-1	-1	-1	0	31	16	-1	-1	-1	0	-1	-1	26	-1	89	
30	-1	0	12	42	-1	-1	-1	2393	-1	-1	0	2895	66	5001	0	-1	0	27	717	-1	294	-1	-1	-1	0	-1	-1	-1	-1	-1	-1	-1	17	859	0	0	-1	-1	350	-1	-1	0	-1	-1	-1	-1	18	1178	-1	-1	0	-1	0	-1	-1	0	464	-1	4835	2612	0	-1	0	0	-1	39	-1	0	-1	0	-1	-1	-1	33	380	-1	-1	131	-1	-1	-1	0	-1	-1	161	0	19	0	0	-1	0	-1	-1	-1	0	-1	-1	-1	0	0	0	1516	0	121	1434	0	-1	-1	22	0	-1	0	-1	-1	-1	-1	-1	4761	0	6401	39	-1	-1	0	6365	-1	180	40	-1	0	-1	-1	0	975	0	-1	-1	3091	-1	-1	-1	0	0	-1	263	-1	-1	-1	-1	0	85	25	-1	-1	-1	0	-1	-1	32	-1	142	-1	-1	-1	-1	-1	7582	0	-1	105	-1	-1	-1	70	-1	0	22	12	1534	-1	-1	3780	-1	25	742	7818	-1	-1	71	-1	0	166	-1	-1	-1	-1	0	3130	-1	-1	-1	-1	-1	-1	-1	-1	-1	-1	35	-1	1692	-1	287	308	0	-1	-1	12	0	0	-1	0	-1	-1	4204	0	126	-1	624	-1	83	-1	-1	-1	-1	-1	-1	-1	0	-1	58	0	100	-1	0	1907	308	71	12	-1	-1	23	-1	-1	0	2525	-1	0	-1	0	-1	972	6644	641	-1	3081	202	12	-1	-1	-1	12	0	2705	0	12	-1	-1	1101	-1	0	1509	-1	-1	0	-1	1828	-1	0	50	-1	0	-1	0	3348	-1	0	-1	-1	-1	1974	0	-1	0	-1	-1	-1	122	-1	12	0	-1	-1	12	-1	19	-1	-1	0	-1	802	3884	0	-1	1755	0	0	-1	-1	-1	0	-1	-1	-1	-1	-1	346	-1	2144	-1	39	43	5047	-1	-1	378	-1	-1	-1	6500	-1	234	40	54	0	-1	-1	0	-1	0	-1	-1	-1	-1	0	6871	-1	0	0	-1	7532	1342	174	1641	0	367	0	-1	774	-1	0	-1	27	0	-1	36	0	554	49	0	-1	-1	0	-1	-1	-1	-1	-1	-1	-1	0	-1	3352	-1	518	24	-1	57	-1	1287	-1	-1	531	0	414	-1	0	-1	124	-1	-1	6356	-1	-1	12	-1	12	-1	-1	-1	795	0	905	-1	3117	0	1160	492	0	7273	-1	-1	-1	259	774	0	-1	-1	-1	0	-1	-1	-1	-1	-1	-1	0	6015	34	-1	395	0	-1	0	53	67	0	4121	0	0	-1	-1	2960	334	-1	989	12	32	-1	-1	-1	0	-1	-1	5794	-1	-1	183	3669	54	0	-1	-1	105	-1	-1	0	-1	-1	
-1	45	0	-1	-1	-1	39	140	-1	998	-1	-1	-1	5703	-1	47	6049	-1	913	-1	-1	45	0	-1	-1	-1	35	0	-1	43	-1	517	-1	0	0	-1	792	0	-1	-1	758	-1	-1	-1	-1	-1	-1	-1	-1	0	-1	-1	-1	0	-1	-1	0	514	-1	-1	-1	0	5554	-1	-1	0	0	-1	-1	37	31	-1	1618	-1	241	-1	-1	159	2739	-1	139	0	-1	0	-1	-1	32	5118	-1	0	-1	-1	-1	-1	-1	-1	-1	-1	0	0	-1	740	-1	-1	-1	0	6402	0	0	0	0	263	-1	-1	-1	-1	-1	0	-1	-1	-1	-1	155	-1	-1	-1	0	0	259	1266	566	-1	1608	-1	-1	-1	6566	77	-1	-1	35	0	-1	4028	-1	5232	-1	-1	-1	0	-1	-1	-1	184	419	-1	6592	-1	-1	53	-1	0	-1	-1	44	-1	-1	4605	-1	-1	-1	2064	-1	-1	-1	-1	-1	0	-1	-1	-1	0	-1	-1	-1	2654	-1	0	0	646	-1	54	46	-1	5777	-1	-1	0	-1	498	-1	-1	-1	1305	0	-1	7583	-1	-1	-1	65	-1	150	385	-1	1062	249	-1	-1	0	-1	-1	-1	755	-1	-1	-1	0	-1	-1	3484	-1	-1	-1	22	0	0	-1	37	-1	-1	-1	-1	-1	-1	0	0	-1	-1	409	-1	-1	-1	0	0	-1	145	31	-1	374	-1	-1	6401	4748	-1	-1	-1	-1	62	0	0	-1	0	-1	351	-1	-1	-1	-1	-1	-1	-1	0	-1	-1	-1	-1	0	-1	29	0	-1	22	1473	0	141	-1	0	1655	-1	-1	-1	172	-1	-1	0	-1	-1	0	193	0	-1	0	0	-1	-1	0	-1	-1	-1	8227	55	-1	0	0	-1	-1	4979	1826	-1	-1	-1	-1	-1	-1	-1	-1	-1	151	111	-1	-1	-1	-1	568	0	0	0	-1	-1	-1	785	-1	-1	32	1346	-1	-1	-1	-1	-1	-1	-1	-1	464	-1	-1	0	-1	-1	-1	-1	-1	-1	-1	424	0	-1	-1	2427	0	0	5639	-1	46	-1	0	0	-1	-1	-1	548	-1	130	0	-1	-1	-1	-1	-1	-1	0	-1	-1	-1	0	0	-1	-1	-1	-1	0	-1	544	-1	-1	32	0	-1	32	-1	-1	76	163	-1	-1	0	0	-1	-1	3559	307	4544	-1	0	-1	0	-1	-1	-1	-1	0	57	-1	2740	-1	-1	2735	-1	-1	-1	-1	-1	-1	-1	126	0	0	-1	1178	-1	-1	0	123	-1	-1	-1	-1	-1	-1	38	0	0	0	0	-1	0	-1	188	42	-1	-1	-1	-1	-1	0	-1	-1	-1	-1	97	78	0	-1	-1	300	-1	0	326	249	
18	-1	0	6	-1	-1	2150	-1	-1	-1	3131	-1	0	-1	-1	2610	6	0	2824	-1	-1	-1	-1	-1	-1	-1	-1	6	0	-1	50	6	269	0	6	-1	526	0	34	-1	201	6	-1	0	-1	2158	4296	6	-1	6889	-1	-1	0	51	6	0	-1	-1	-1	-1	0	0	80	0	-1	-1	667	7049	-1	-1	-1	0	-1	0	-1	0	1526	2969	-1	-1	-1	-1	914	857	-1	-1	31	-1	6	-1	1527	-1	-1	26	0	485	0	28	-1	399	0	-1	0	6	0	-1	-1	594	0	0	6	0	-1	38	-1	586	29	137	1150	-1	-1	-1	356	60	-1	895	0	-1	6	3749	-1	6	48	-1	6	730	-1	-1	-1	0	0	-1	0	-1	0	-1	622	1084	-1	-1	-1	-1	6419	5070	133	-1	-1	59	50	-1	6	-1	69	-1	-1	-1	6	-1	-1	-1	0	187	0	133	-1	-1	-1	0	0	0	803	34	-1	6	0	0	-1	0	-1	28	508	25	-1	-1	0	-1	-1	7201	31	0	614	-1	0	-1	-1	1172	-1	0	-1	-1	6019	-1	0	0	25	-1	694	-1	0	710	-1	-1	-1	0	1445	47	-1	-1	-1	25	-1	-1	0	-1	0	-1	-1	-1	31	-1	12	-1	0	-1	0	6	-1	-1	143	0	-1	-1	0	-1	-1	0	-1	-1	6	-1	6	-1	-1	-1	-1	34	-1	0	-1	95	12	0	-1	-1	47	0	-1	-1	18	-1	-1	-1	132	-1	-1	-1	0	4189	6	0	0	278	-1	0	-1	28	64	-1	-1	31	0	-1	0	170	-1	-1	-1	-1	0	102	-1	0	0	0	-1	101	7291	0	1773	6	-1	-1	1531	6	-1	28	-1	-1	-1	568	84	145	7616	2239	0	-1	0	-1	2303	-1	-1	6	70	52	-1	113	6	94	-1	67	8034	-1	-1	-1	39	0	0	0	-1	-1	-1	-1	-1	-1	-1	-1	-1	0	0	-1	33	364	230	108	0	292	80	-1	-1	1566	0	5925	55	0	105	0	1591	6	1323	-1	-1	-1	948	0	48	-1	744	-1	17	-1	0	-1	-1	0	-1	88	0	-1	-1	-1	15	-1	0	-1	0	-1	0	-1	-1	-1	6	5618	130	1088	84	4270	-1	0	90	18	-1	-1	0	-1	-1	38	1539	-1	0	-1	28	5214	-1	6	-1	17	0	-1	28	-1	6020	119	30	186	-1	-1	-1	-1	0	760	496	0	-1	0	0	5731	-1	-1	0	-1	-1	5827	87	0	-1	6	-1	-1	-1	0	493	-1	12	-1	-1	-1	0	-1	31	0	-1	0	0	0	0	-1	-1	-1	-1	0	
0	-1	-1	0	-1	-1	883	7854	-1	0	-1	56	-1	-1	190	-1	-1	864	-1	-1	0	1669	-1	0	0	0	-1	-1	-1	-1	-1	-1	1081	-1	-1	5409	0	-1	-1	0	-1	-1	-1	357	-1	1001	-1	0	-1	0	-1	-1	860	0	-1	-1	183	-1	5218	32	149	0	39	-1	-1	1417	-1	0	-1	-1	-1	23	-1	-1	-1	-1	-1	4775	0	0	-1	308	-1	-1	-1	-1	-1	0	334	-1	65	-1	-1	-1	536	-1	0	-1	-1	-1	158	-1	0	-1	22	0	-1	-1	-1	-1	2686	-1	22	-1	1490	-1	-1	-1	0	-1	-1	0	-1	-1	-1	0	-1	-1	-1	-1	-1	-1	34	-1	30	0	0	6000	-1	-1	0	25	475	-1	-1	-1	-1	-1	0	691	-1	-1	-1	0	-1	-1	-1	-1	-1	-1	-1	-1	-1	88	97	-1	-1	42	85	-1	-1	0	-1	0	-1	-1	0	-1	300	-1	29	-1	-1	-1	332	-1	5941	0	-1	-1	-1	0	-1	0	-1	-1	0	-1	-1	-1	-1	0	-1	49	-1	-1	54	-1	-1	-1	4154	-1	-1	132	0	-1	-1	-1	-1	83	0	225	-1	-1	0	196	-1	-1	146	0	28	-1	-1	-1	-1	-1	58	40	8364	-1	0	-1	-1	-1	0	-1	-1	32	-1	-1	-1	-1	22	-1	-1	1957	0	-1	-1	-1	-1	-1	-1	-1	-1	-1	-1	0	0	22	0	-1	-1	4927	0	-1	-1	-1	-1	0	-1	-1	34	-1	325	312	-1	45	0	-1	7728	-1	2684	-1	0	-1	169	-1	-1	-1	-1	144	-1	836	-1	0	-1	-1	-1	-1	-1	0	-1	1634	-1	-1	-1	0	-1	578	-1	53	-1	0	-1	-1	-1	26	124	398	-1	82	-1	-1	6173	-1	0	-1	726	-1	46	-1	-1	-1	-1	-1	-1	-1	-1	-1	54	-1	-1	42	-1	-1	-1	-1	-1	55	-1	-1	182	-1	4487	0	0	0	1283	-1	-1	37	-1	-1	0	-1	4523	30	-1	260	-1	-1	-1	0	26	-1	-1	-1	-1	0	858	-1	-1	149	-1	-1	49	0	-1	-1	91	-1	0	0	0	-1	0	-1	-1	-1	-1	1088	124	0	586	-1	0	-1	-1	-1	34	140	-1	0	-1	894	-1	-1	7796	-1	-1	0	-1	0	-1	0	0	85	-1	-1	-1	-1	-1	708	-1	-1	-1	-1	23	-1	-1	-1	-1	-1	0	-1	850	0	-1	-1	-1	0	-1	-1	2220	-1	-1	429	0	-1	940	218	-1	0	0	-1	0	-1	-1	-1	-1	-1	-1	-1	-1	-1	1601	0	34	-1	2902	-1	0	-1	1413	-1	-1	-1	22	-1	
2635	0	0	-1	0	173	-1	-1	-1	0	1236	91	48	74	180	0	-1	-1	73	0	304	272	0	63	-1	-1	-1	-1	-1	0	0	-1	-1	-1	-1	-1	173	-1	58	-1	-1	310	-1	-1	-1	4051	-1	-1	-1	48	185	486	-1	-1	4980	-1	-1	-1	65	88	-1	0	-1	-1	-1	320	-1	0	-1	-1	0	-1	-1	1382	49	4842	148	-1	-1	-1	0	0	0	-1	-1	0	-1	4947	715	0	71	0	-1	104	-1	-1	73	-1	0	0	-1	-1	279	92	-1	-1	210	-1	-1	-1	-1	-1	147	-1	66	-1	0	-1	0	-1	-1	58	488	-1	0	-1	-1	-1	-1	0	157	1073	3857	0	-1	75	-1	0	0	-1	-1	3468	-1	-1	0	0	660	-1	-1	2458	-1	62	-1	-1	-1	205	-1	0	5561	0	0	51	0	-1	-1	-1	0	1544	-1	0	-1	0	-1	112	72	-1	1329	62	7200	-1	0	-1	4200	-1	58	-1	54	0	5824	-1	0	-1	7514	-1	-1	-1	170	0	279	-1	-1	0	-1	123	-1	-1	0	160	-1	-1	0	199	0	-1	-1	-1	-1	-1	64	-1	5590	49	-1	-1	-1	-1	-1	0	-1	132	-1	491	-1	-1	481	-1	-1	-1	0	-1	622	7806	-1	0	0	-1	0	-1	-1	-1	121	-1	-1	-1	173	-1	-1	-1	89	-1	-1	133	0	-1	-1	-1	98	-1	65	-1	-1	-1	108	-1	-1	0	-1	-1	-1	5342	2694	325	46	-1	-1	-1	115	-1	64	63	-1	-1	0	0	0	-1	0	-1	-1	582	-1	-1	-1	327	0	-1	92	5462	0	-1	-1	-1	0	0	-1	-1	-1	0	-1	-1	0	300	395	-1	0	109	-1	-1	-1	-1	58	-1	-1	-1	-1	0	-1	70	-1	-1	495	2487	-1	-1	0	6779	0	0	-1	247	-1	-1	-1	-1	0	-1	-1	-1	0	-1	-1	-1	-1	-1	0	-1	-1	114	-1	-1	-1	-1	51	-1	-1	143	-1	-1	-1	-1	0	-1	-1	-1	5716	0	-1	311	-1	-1	-1	-1	69	-1	135	0	-1	-1	-1	42	158	0	-1	-1	0	0	-1	278	0	-1	53	1903	-1	-1	-1	0	-1	164	83	-1	83	1844	-1	-1	-1	-1	-1	301	-1	0	132	-1	365	2562	-1	-1	-1	-1	0	-1	-1	-1	-1	-1	-1	-1	143	-1	-1	-1	0	-1	204	-1	1253	-1	0	-1	-1	-1	-1	-1	-1	-1	-1	-1	-1	0	-1	-1	968	339	-1	46	0	384	126	647	-1	7961	0	59	53	-1	-1	0	78	185	-1	-1	-1	0	-1	6423	128	-1	-1	-1	-1	79	
-1	13	-1	0	-1	3537	10	14	-1	18	0	-1	2425	-1	19	-1	1371	19	10	-1	-1	-1	1538	-1	13	-1	0	-1	-1	-1	0	-1	-1	18	-1	6841	-1	-1	0	57	0	0	-1	0	43	14	3299	-1	0	0	2007	-1	4593	0	-1	-1	0	-1	0	0	-1	1044	0	-1	0	0	-1	0	2356	-1	19	7044	-1	-1	-1	95	-1	-1	-1	-1	-1	113	14	-1	4415	63	18	236	-1	-1	-1	10	5736	-1	389	-1	-1	-1	0	0	10	10	-1	18	-1	0	-1	18	-1	-1	27	-1	17	17	-1	30	-1	-1	0	3608	673	-1	48	-1	0	0	-1	10	-1	5089	-1	18	3952	-1	1730	18	3749	182	-1	54	13	-1	-1	0	-1	78	-1	35	-1	-1	-1	-1	60	196	10	158	1352	10	335	-1	-1	-1	-1	-1	-1	14	-1	17	-1	-1	6009	0	-1	-1	-1	1386	-1	-1	6107	11	0	4981	-1	0	0	10	0	-1	10	274	-1	-1	-1	14	-1	0	-1	0	0	-1	-1	0	0	-1	1244	41	38	197	-1	-1	0	-1	0	0	8289	-1	0	-1	13	0	-1	-1	17	14	10	6906	14	14	0	0	-1	-1	3886	18	11	112	10	-1	3204	-1	19	91	-1	-1	-1	7997	-1	11	19	10	845	-1	29	-1	-1	-1	-1	-1	-1	4182	208	-1	-1	0	-1	0	-1	13	-1	604	0	3511	0	0	574	24	-1	-1	84	-1	10	-1	-1	4530	-1	-1	-1	14	14	7578	0	-1	28	37	-1	-1	-1	111	0	-1	35	0	4887	14	118	-1	-1	0	10	27	-1	18	16	14	-1	-1	-1	-1	17	78	-1	0	2304	-1	2178	-1	-1	-1	-1	10	-1	-1	0	0	-1	297	-1	0	-1	169	-1	0	-1	-1	-1	10	10	-1	14	7699	0	200	7753	939	11	-1	10	924	-1	-1	-1	2055	0	60	-1	0	2462	13	14	14	18	-1	661	8426	11	1211	1582	0	0	-1	-1	0	0	0	1091	-1	-1	-1	-1	-1	0	10	-1	0	-1	881	39	10	-1	-1	15	-1	-1	1146	-1	-1	-1	1514	-1	10	18	-1	-1	-1	-1	-1	7070	-1	45	7187	278	145	10	1050	13	184	10	-1	13	-1	-1	-1	0	-1	16	2051	0	59	-1	10	165	6684	1806	91	6400	-1	565	707	0	32	0	-1	-1	-1	0	-1	954	3395	10	-1	-1	-1	-1	260	16	-1	-1	10	-1	-1	-1	24	13	-1	77	-1	-1	0	-1	0	10	16	-1	-1	108	-1	-1	6642	-1	-1	13	99	4115	60	10	103	29	0	13	-1	
5433	0	38	158	64	0	107	28	0	0	53	10	375	620	0	14	4576	700	149	-1	0	0	0	-1	1714	0	8	14	0	0	-1	-1	41	0	109	22	3160	0	0	0	0	-1	2547	-1	6	1090	45	0	10	88	-1	1177	37	-1	-1	0	54	8275	8147	0	0	589	76	-1	0	5640	89	47	0	0	-1	352	0	-1	10	639	-1	93	20	10	0	-1	0	10	133	-1	0	0	427	0	0	37	0	0	-1	-1	998	550	-1	-1	6770	415	-1	8	0	1942	0	422	10	-1	38	0	198	32	0	-1	-1	0	139	-1	0	-1	30	97	7071	0	0	-1	272	2760	5116	0	2068	1421	18	27	1239	0	-1	16	4081	66	212	341	27	55	0	158	1432	-1	74	6496	36	32	372	4310	0	0	0	4087	0	8	0	0	0	2151	519	936	1738	8	-1	6	2576	0	20	0	1907	0	0	740	0	1574	34	281	2210	909	1163	160	0	106	58	100	8460	-1	53	1726	432	2850	115	4947	20	0	-1	88	0	-1	1757	104	745	-1	54	0	6651	10	10	626	3378	-1	0	-1	331	0	0	740	0	-1	94	-1	14	14	-1	489	999	4590	10	1317	34	18	0	0	24	24	3568	1808	2712	0	-1	-1	31	0	0	0	0	-1	0	20	2656	6756	520	0	465	223	0	6161	6	203	0	0	808	10	32	22	322	5043	17	143	0	10	1703	1295	5213	2381	-1	0	1685	0	-1	5992	0	2711	10	0	0	287	-1	151	0	-1	32	34	868	22	0	659	-1	0	49	20	213	0	21	95	-1	32	675	-1	8	-1	0	795	202	42	0	32	8	33	0	5198	-1	4191	32	0	68	30	-1	24	-1	-1	130	0	6556	148	2164	38	30	-1	0	256	-1	249	77	55	0	6812	8	0	4242	20	-1	0	-1	0	-1	-1	0	59	1397	-1	146	4632	413	10	229	0	0	6	14	0	0	14	10	121	68	6	39	0	45	24	376	14	10	89	94	811	0	-1	14	0	3390	20	14	20	0	14	134	0	10	72	1248	176	3612	0	149	0	0	184	0	0	-1	38	1960	0	0	0	0	325	122	223	428	0	6	-1	0	0	0	1801	-1	0	6	20	20	18	34	-1	4448	613	0	599	504	14	2615	10	14	0	0	21	-1	-1	0	0	114	1058	0	0	0	0	405	-1	262	-1	0	10	22	0	135	-1	292	22	91	0	28	20	24	14	34	6	17	684	-1	1097	1233	2278	53	16	1170	-1	2453	0	1483	0	
428	2667	0	769	-1	352	316	901	-1	59	991	28	0	147	-1	850	3137	-1	-1	-1	192	-1	76	-1	0	-1	0	1260	5396	103	1450	28	-1	43	-1	28	742	0	0	28	-1	0	48	1429	55	0	0	1147	2149	0	6239	26	-1	25	2487	-1	0	68	16	0	131	2489	238	760	224	0	4871	0	337	-1	-1	888	0	185	0	71	93	84	28	271	-1	1161	278	-1	545	2923	569	1215	28	-1	0	1562	336	6257	0	-1	0	1017	135	-1	961	98	0	0	-1	0	-1	0	0	37	-1	37	833	-1	0	-1	-1	5616	102	0	-1	-1	0	0	36	115	0	6076	259	204	53	491	662	39	0	48	745	0	179	0	0	-1	46	34	18	0	721	-1	-1	0	-1	109	38	-1	0	0	0	925	32	414	184	0	0	0	349	0	-1	-1	1856	129	2343	113	0	0	978	0	1660	0	-1	0	0	0	442	0	3945	1831	236	458	0	1227	0	0	1470	46	1191	0	0	320	-1	0	130	0	4747	3328	2160	0	0	683	-1	0	1525	0	28	-1	-1	0	0	0	2524	3716	638	-1	997	18	313	36	8037	-1	22	70	99	794	724	2764	0	83	248	183	0	0	54	0	-1	0	1170	0	125	18	5734	18	6284	726	4174	0	0	304	0	0	0	30	2773	-1	0	555	1228	0	0	156	32	0	0	0	2112	8174	0	0	827	1429	-1	722	0	40	-1	1761	-1	1923	0	52	36	1587	-1	28	0	3308	18	-1	7434	0	-1	-1	335	40	4311	95	0	-1	0	0	-1	0	911	498	18	-1	7088	-1	-1	0	2437	1474	0	0	747	0	18	-1	-1	0	-1	664	0	93	-1	682	38	20	-1	0	1741	0	0	454	-1	204	71	1470	0	-1	-1	-1	0	0	2560	-1	-1	1821	0	0	69	0	741	-1	81	1324	286	2067	61	7030	0	76	6600	28	18	-1	0	1282	-1	58	234	72	0	78	639	6538	0	483	69	736	0	-1	4601	0	7724	37	0	1945	80	2210	2553	7504	73	-1	652	660	0	0	-1	-1	968	50	243	0	836	839	0	0	-1	662	0	0	5448	-1	1693	379	196	0	0	502	18	688	186	-1	0	0	0	217	471	0	3627	-1	22	110	91	-1	8350	23	0	18	0	0	0	3834	246	1011	0	0	2237	185	30	-1	56	18	1448	-1	133	55	0	0	374	-1	4406	278	398	0	119	1442	2904	160	2150	349	645	215	2538	-1	0	0	6114	-1	-1	0	0	0	-1	1910	5855	42	-1	448	623	-1	
21	16	14	-1	16	256	6	7369	20	128	-1	0	0	0	26	10	-1	-1	0	0	-1	-1	1157	5903	22	417	0	6	16	0	39	6	-1	0	0	-1	-1	6	14	962	43	-1	22	0	-1	59	127	6	640	10	17	362	41	84	6	0	31	0	0	17	0	-1	139	0	6	34	0	-1	6	-1	-1	6	22	40	-1	-1	10	33	87	227	0	6	35	6	6	6	6	16	20	83	6	50	0	16	0	1423	4318	0	1647	1261	669	6	57	1161	-1	0	113	1400	188	23	0	14	5511	21	421	10	26	19	76	8	1491	0	1870	10	489	2595	7148	37	6	0	6	770	0	0	0	89	-1	353	6556	-1	-1	34	-1	31	348	0	1183	-1	6	-1	6	0	-1	6	0	112	1698	-1	-1	16	-1	0	-1	16	31	-1	-1	10	1727	-1	6	0	19	7664	927	-1	155	274	6	0	36	8	241	6	16	0	-1	0	-1	300	-1	6	37	455	0	961	-1	0	0	0	21	1864	0	4524	16	0	17	0	6	35	0	1003	0	39	0	5231	0	-1	0	0	0	23	900	14	2180	124	6	0	5585	3124	23	60	2406	0	874	6	34	7152	65	6	16	111	6	-1	6810	0	473	454	6487	0	0	8	-1	2510	270	6	-1	21	0	0	16	6	20	10	57	40	10	6	0	150	22	14	6	1516	6	-1	215	6	6	22	6	0	6056	-1	-1	22	10	1568	0	-1	1389	0	28	191	14	-1	31	16	-1	-1	-1	21	375	6	21	6	27	568	0	40	0	16	251	6	171	16	-1	6	16	814	129	219	16	35	31	-1	647	-1	6	829	6	0	0	-1	16	16	6	10	1542	10	189	10	553	19	0	3780	21	-1	2252	0	69	137	10	0	85	-1	0	71	8	0	14	0	31	6	0	0	512	22	0	-1	-1	16	0	27	16	-1	6	-1	23	246	6380	6	460	162	14	0	158	6	2367	0	16	14	0	6	40	0	0	46	-1	14	21	0	10	1678	6	16	0	6	742	22	6	101	44	0	6	422	-1	645	119	345	6	-1	80	0	17	22	446	564	100	1602	914	111	0	16	188	-1	1283	6	-1	6683	21	6	29	6	-1	0	-1	7890	14	332	-1	50	0	-1	31	14	1076	93	-1	0	-1	5378	0	1686	0	31	926	-1	10	14	895	-1	148	-1	369	4258	16	5049	6	-1	6	-1	20	21	483	6	472	6	0	4404	10	-1	0	-1	2918	21	282	103	888	-1	
