-1	-1	-1	-1	14	-1	-1	-1	-1	-1	-1	-1	1108	-1	1595	-1	-1	5169	-1	-1	39	-1	-1	1013	-1	-1	-1	14	-1	-1	-1	-1	-1	-1	6	-1	-1	-1	-1	-1	-1	-1	-1	-1	188	-1	-1	56	87	-1	-1	-1	-1	-1	-1	-1	-1	-1	-1	1286	-1	4079	-1	-1	-1	-1	-1	-1	-1	-1	-1	45	-1	-1	2212	6	6	-1	-1	-1	130	-1	1894	-1	-1	-1	1308	-1	6	32	-1	-1	4939	-1	-1	7520	-1	-1	-1	1483	-1	-1	22	23	-1	-1	407	38	-1	-1	-1	6	-1	-1	-1	-1	-1	108	6	-1	284	-1	-1	-1	-1	-1	-1	-1	3117	-1	7378	30	-1	3217	200	228	-1	2285	103	1072	577	-1	-1	6	-1	-1	-1	-1	-1	34	-1	-1	6	-1	-1	-1	-1	83	-1	221	-1	-1	493	-1	-1	-1	-1	10	-1	3958	-1	-1	-1	74	1179	297	314	-1	248	-1	-1	-1	-1	-1	-1	-1	5295	-1	-1	-1	-1	9	-1	-1	84	583	-1	-1	649	96	-1	-1	-1	-1	6	-1	143	-1	-1	-1	-1	-1	34	-1	-1	-1	-1	-1	381	27	103	-1	-1	-1	-1	-1	-1	-1	-1	-1	-1	-1	105	-1	-1	-1	-1	-1	-1	-1	16	-1	-1	-1	408	-1	-1	-1	2269	-1	-1	1967	-1	-1	20	361	-1	-1	1496	-1	-1	-1	-1	10	-1	-1	32	-1	-1	8316	29	-1	-1	62	831	-1	-1	-1	-1	-1	-1	-1	-1	-1	-1	220	-1	22	57	196	-1	-1	-1	-1	-1	-1	-1	-1	-1	16	-1	-1	-1	-1	6	-1	-1	250	-1	-1	-1	6	2283	-1	-1	25	54	4723	-1	50	-1	-1	-1	-1	2094	-1	2245	-1	-1	-1	379	-1	821	-1	-1	-1	6	-1	-1	-1	52	-1	13	-1	6	12	1193	-1	94	5637	18	14	23	6	-1	-1	-1	-1	-1	-1	6	-1	-1	-1	-1	166	-1	-1	500	-1	919	40	928	804	-1	-1	-1	-1	-1	2197	129	-1	-1	-1	-1	-1	-1	-1	554	-1	-1	5078	6	840	4755	440	138	-1	6	-1	98	702	-1	433	-1	-1	-1	-1	-1	29	-1	-1	243	-1	-1	-1	-1	-1	-1	-1	-1	-1	-1	1831	303	6	-1	-1	-1	-1	-1	-1	24	-1	691	-1	-1	-1	-1	-1	15	-1	1116	-1	-1	4048	-1	6	-1	-1	10	-1	-1	-1	-1	-1	-1	-1	-1	6	-1	-1	-1	-1	-1	385	-1	-1	-1	-1	10	6	-1	-1	-1	-1	-1	-1	-1	-1	-1	-1	303	-1	-1	-1	669	-1	-1	-1	-1	-1	-1	-1	-1	160	-1	-1	-1	-1	
-1	-1	-1	6	-1	-1	691	643	-1	508	-1	67	-1	-1	6	-1	3529	-1	-1	-1	-1	-1	-1	39	58	-1	-1	-1	-1	-1	-1	-1	-1	-1	21	-1	-1	-1	-1	-1	-1	-1	-1	-1	-1	-1	5184	3196	-1	-1	-1	-1	-1	-1	-1	-1	-1	-1	10	10	-1	-1	-1	-1	133	1577	920	-1	-1	-1	-1	1243	-1	-1	-1	24	-1	-1	-1	-1	-1	-1	-1	1767	-1	-1	-1	-1	-1	134	7593	152	-1	-1	-1	-1	-1	-1	165	-1	-1	-1	6	-1	80	-1	-1	6	-1	-1	-1	-1	-1	-1	-1	736	-1	194	-1	-1	44	-1	-1	26	-1	-1	-1	-1	134	-1	-1	-1	6	602	2117	-1	209	-1	-1	-1	0	-1	-1	-1	79	-1	104	-1	-1	-1	-1	6	6	-1	-1	-1	253	-1	-1	6	10	14	-1	-1	-1	559	6	-1	-1	-1	-1	-1	15	-1	-1	-1	1404	-1	-1	-1	-1	-1	968	-1	-1	-1	-1	-1	-1	-1	-1	-1	-1	-1	12	-1	-1	-1	-1	-1	-1	6	-1	-1	394	-1	877	-1	89	-1	-1	-1	-1	-1	-1	-1	-1	-1	-1	33	-1	3992	-1	-1	-1	-1	-1	37	-1	360	-1	-1	-1	-1	-1	175	3204	-1	-1	-1	-1	-1	-1	-1	-1	198	817	-1	1007	94	-1	-1	-1	-1	843	-1	-1	-1	-1	698	-1	-1	-1	10	10	-1	29	-1	92	-1	-1	427	1001	-1	12	-1	-1	8	-1	-1	-1	-1	-1	-1	8517	-1	-1	-1	-1	177	6	-1	1683	15	-1	35	-1	-1	-1	-1	-1	-1	-1	-1	-1	-1	6	-1	6	-1	-1	-1	2231	-1	-1	7058	76	-1	80	-1	-1	-1	-1	-1	-1	-1	-1	607	-1	-1	-1	-1	1266	-1	6	-1	163	-1	-1	-1	-1	45	-1	-1	-1	-1	-1	-1	-1	-1	-1	92	30	-1	-1	-1	-1	353	8170	-1	1035	17	-1	1520	-1	-1	-1	-1	-1	19	-1	-1	461	-1	-1	-1	-1	-1	-1	-1	47	-1	163	-1	-1	-1	-1	0	24	-1	-1	6	-1	-1	101	10	-1	442	149	-1	-1	41	-1	134	-1	222	-1	-1	-1	-1	984	27	-1	-1	6	-1	-1	-1	-1	602	-1	40	-1	6	-1	7471	3528	6	-1	318	-1	-1	-1	55	-1	6866	14	-1	-1	1555	-1	-1	-1	-1	19	2061	-1	-1	36	-1	-1	593	-1	51	6	-1	-1	8696	-1	6	-1	23	135	-1	-1	1570	1583	-1	-1	1592	6	2200	6	-1	-1	-1	-1	-1	1047	-1	307	-1	380	-1	-1	-1	30	-1	-1	-1	-1	-1	-1	6	1317	22	-1	-1	-1	-1	
-1	-1	-1	-1	23	-1	31	-1	-1	-1	-1	286	6	-1	-1	-1	-1	208	105	-1	-1	-1	-1	-1	-1	1344	-1	-1	-1	-1	36	-1	-1	86	-1	-1	2671	-1	-1	17	-1	6	-1	-1	229	-1	-1	-1	-1	555	286	-1	-1	-1	43	-1	-1	460	6	-1	-1	249	-1	49	347	-1	-1	-1	-1	219	-1	-1	-1	1709	-1	4526	-1	-1	-1	-1	-1	-1	-1	-1	-1	-1	4912	-1	-1	154	-1	-1	-1	-1	-1	-1	-1	-1	-1	-1	12	-1	6	-1	-1	-1	6	2405	-1	-1	343	149	-1	-1	-1	-1	-1	-1	-1	4510	193	-1	-1	-1	6	-1	5528	-1	75	-1	-1	-1	6	170	-1	-1	66	-1	-1	-1	6	-1	-1	-1	-1	-1	15	-1	-1	-1	513	-1	-1	1683	-1	-1	-1	-1	-1	54	-1	-1	-1	-1	-1	-1	31	-1	18	279	20	44	-1	-1	-1	-1	-1	-1	-1	-1	2815	732	6	1491	-1	6	-1	-1	-1	-1	-1	-1	-1	-1	-1	-1	-1	-1	-1	-1	-1	-1	9175	-1	-1	-1	-1	137	248	-1	-1	10	20	-1	-1	33	6	-1	-1	6	20	-1	-1	-1	-1	-1	-1	28	-1	-1	172	-1	-1	-1	-1	27	-1	-1	-1	-1	-1	6055	6	-1	-1	6	-1	-1	-1	-1	-1	37	-1	-1	169	-1	-1	-1	-1	-1	-1	922	-1	-1	-1	37	-1	-1	1807	-1	-1	-1	-1	-1	-1	-1	-1	21	-1	31	-1	-1	52	813	-1	106	-1	14	554	-1	428	-1	-1	-1	-1	-1	436	32	113	-1	-1	922	10	329	-1	-1	15	-1	132	-1	-1	-1	-1	2948	-1	862	-1	22	-1	2226	-1	-1	-1	69	-1	-1	-1	-1	-1	-1	-1	-1	1193	-1	-1	-1	134	-1	265	3333	-1	6	-1	-1	-1	-1	813	-1	-1	10	-1	174	53	21	-1	-1	-1	-1	15	-1	-1	-1	-1	-1	-1	-1	92	2686	-1	-1	-1	-1	-1	-1	6	-1	8352	347	205	-1	-1	-1	-1	174	-1	-1	5157	-1	-1	-1	-1	144	1118	-1	-1	-1	-1	510	-1	-1	-1	-1	68	-1	-1	-1	-1	-1	-1	-1	-1	-1	10	230	-1	-1	-1	-1	1351	-1	-1	2248	-1	-1	-1	-1	-1	-1	-1	-1	10	65	6	-1	-1	-1	-1	-1	39	45	-1	-1	-1	-1	-1	-1	-1	-1	-1	-1	-1	-1	-1	-1	40	-1	-1	-1	2682	-1	-1	-1	-1	-1	-1	-1	-1	20	-1	-1	-1	-1	152	-1	-1	-1	-1	6	39	1200	10	-1	-1	-1	3603	45	-1	149	-1	34	-1	-1	17	-1	6	86	-1	-1	-1	-1	
-1	-1	-1	1219	-1	-1	-1	-1	-1	-1	-1	14	-1	-1	-1	6	-1	-1	-1	-1	-1	44	-1	164	-1	20	-1	22	16	-1	204	-1	-1	1339	-1	-1	-1	4115	-1	3201	99	-1	-1	-1	-1	-1	268	110	-1	-1	15	-1	-1	-1	-1	-1	-1	14	2810	200	-1	-1	-1	37	872	-1	-1	-1	-1	-1	-1	-1	6	18	-1	216	1097	-1	1513	-1	-1	-1	5410	-1	128	-1	147	662	740	-1	917	-1	-1	-1	1669	-1	-1	-1	-1	-1	-1	-1	-1	-1	-1	12	-1	259	41	75	-1	10	3665	-1	-1	-1	-1	-1	-1	-1	-1	-1	-1	-1	-1	-1	6	-1	-1	-1	20	-1	69	-1	775	-1	32	-1	142	-1	-1	-1	-1	-1	6	-1	-1	28	-1	-1	-1	854	-1	224	774	-1	-1	282	242	-1	-1	-1	-1	-1	51	-1	-1	8492	-1	-1	19	-1	-1	-1	-1	-1	-1	-1	130	-1	-1	1121	-1	-1	-1	-1	-1	-1	90	-1	-1	-1	-1	-1	-1	500	56	-1	-1	307	-1	-1	-1	-1	-1	-1	-1	965	2541	6531	-1	-1	-1	-1	753	-1	128	-1	-1	-1	1177	-1	-1	-1	2134	24	2685	-1	-1	-1	-1	3348	-1	-1	-1	200	-1	-1	-1	28	419	-1	4023	-1	264	15	23	583	-1	-1	294	-1	-1	-1	-1	-1	-1	-1	14	-1	6462	-1	-1	403	1898	-1	-1	-1	-1	-1	-1	2287	128	-1	-1	22	-1	-1	-1	-1	-1	-1	-1	-1	-1	-1	-1	1140	2355	-1	-1	-1	-1	-1	-1	-1	3471	-1	-1	6	-1	6	675	-1	-1	228	-1	-1	-1	585	-1	-1	-1	10	542	-1	18	-1	45	-1	-1	-1	12	147	-1	-1	-1	-1	-1	6	-1	-1	-1	-1	2788	10	3483	-1	499	15	-1	-1	-1	-1	-1	-1	109	-1	-1	-1	6	-1	-1	-1	814	-1	-1	-1	-1	-1	-1	-1	-1	-1	-1	-1	363	-1	-1	-1	-1	-1	188	-1	32	-1	106	6	-1	-1	-1	-1	-1	-1	6	-1	-1	103	-1	-1	-1	691	-1	-1	-1	-1	44	-1	-1	760	20	-1	-1	-1	-1	-1	-1	66	-1	-1	28	-1	-1	-1	-1	-1	-1	-1	2358	5534	-1	-1	5544	141	-1	-1	-1	-1	-1	-1	-1	-1	-1	-1	1557	-1	-1	-1	-1	-1	-1	1368	-1	-1	28	6	-1	1791	-1	-1	115	-1	572	36	-1	-1	471	-1	-1	-1	347	-1	-1	-1	-1	-1	-1	-1	-1	-1	-1	-1	-1	-1	-1	-1	-1	-1	-1	-1	-1	-1	-1	-1	-1	-1	-1	-1	-1	1106	-1	119	3733	-1	148	-1	14	-1	-1	-1	
-1	-1	-1	-1	-1	9	626	6	-1	-1	-1	448	29	6	-1	-1	-1	557	11	-1	271	-1	-1	-1	-1	-1	-1	-1	118	-1	-1	-1	4787	305	-1	-1	-1	-1	-1	3540	-1	-1	265	-1	-1	-1	-1	575	-1	-1	-1	-1	-1	90	-1	-1	-1	-1	-1	-1	-1	-1	-1	6	-1	-1	286	-1	10	3315	-1	232	5667	-1	-1	156	12	-1	1654	-1	-1	38	-1	-1	-1	-1	-1	-1	-1	-1	-1	160	-1	6	704	-1	-1	460	-1	480	-1	-1	-1	208	-1	-1	-1	-1	448	-1	-1	1526	-1	-1	-1	-1	-1	-1	-1	6	-1	353	-1	-1	-1	117	-1	-1	-1	-1	-1	-1	-1	7601	56	-1	-1	-1	6	46	-1	597	40	-1	-1	-1	1468	1061	-1	-1	-1	-1	-1	-1	760	-1	57	-1	-1	-1	-1	-1	-1	-1	2961	-1	-1	-1	-1	-1	1412	6	-1	-1	-1	-1	-1	5005	-1	-1	-1	-1	-1	-1	-1	-1	-1	-1	3975	-1	-1	318	-1	429	-1	-1	968	942	-1	-1	-1	4716	-1	896	-1	-1	-1	-1	-1	-1	-1	8319	-1	-1	-1	26	30	-1	-1	-1	-1	62	-1	-1	-1	228	-1	-1	-1	-1	6	-1	-1	-1	5686	3569	-1	-1	-1	-1	-1	-1	-1	-1	-1	144	-1	-1	-1	18	-1	1685	-1	-1	2589	-1	-1	-1	16	92	96	-1	2537	-1	-1	11	175	1463	-1	-1	-1	-1	195	-1	-1	-1	-1	663	-1	-1	-1	-1	-1	-1	5190	-1	-1	-1	-1	388	-1	-1	-1	-1	-1	-1	622	18	188	-1	-1	-1	-1	-1	-1	359	-1	-1	-1	-1	39	-1	485	2033	-1	-1	-1	-1	-1	-1	-1	-1	-1	-1	-1	2896	-1	-1	-1	-1	75	-1	-1	319	-1	-1	404	-1	-1	183	-1	17	-1	-1	6	-1	-1	-1	-1	-1	-1	-1	-1	6	-1	-1	-1	221	-1	895	-1	2829	165	77	-1	54	-1	3351	-1	-1	-1	-1	-1	3486	31	1821	-1	6	-1	-1	-1	-1	-1	-1	-1	3251	1473	173	508	-1	-1	-1	-1	6	-1	-1	-1	404	-1	-1	-1	-1	54	-1	-1	-1	-1	-1	99	-1	150	-1	-1	97	-1	-1	-1	-1	93	-1	-1	29	-1	129	-1	-1	685	-1	-1	-1	-1	-1	-1	-1	-1	-1	-1	-1	-1	4540	944	-1	752	-1	6	3461	-1	6549	-1	-1	16	191	-1	-1	6716	-1	-1	-1	-1	179	-1	-1	-1	66	-1	249	-1	1398	-1	-1	-1	123	-1	-1	-1	-1	-1	-1	-1	-1	22	-1	2302	1405	-1	31	5068	-1	-1	-1	-1	-1	-1	-1	42	-1	3011	4090	-1	-1	
-1	-1	-1	4739	-1	-1	-1	6	-1	-1	152	-1	-1	-1	-1	1661	-1	-1	-1	118	-1	1252	-1	18	-1	-1	-1	6	321	-1	-1	-1	-1	-1	366	-1	6799	76	18	-1	123	-1	-1	-1	-1	-1	-1	280	-1	-1	-1	642	-1	194	-1	-1	-1	91	-1	6	-1	-1	-1	-1	-1	27	52	-1	180	-1	122	-1	-1	4723	-1	-1	-1	6	-1	-1	-1	1360	-1	853	-1	-1	-1	-1	21	-1	-1	-1	-1	-1	-1	121	-1	70	-1	1402	-1	-1	20	-1	-1	-1	-1	-1	6	-1	-1	61	-1	-1	-1	8008	-1	-1	509	560	2896	300	-1	63	-1	-1	-1	10	136	-1	-1	-1	297	-1	-1	-1	-1	60	-1	-1	6	-1	6135	-1	-1	-1	-1	-1	-1	48	-1	-1	818	68	-1	-1	310	20	-1	690	6	-1	-1	-1	-1	-1	-1	8055	-1	187	5377	-1	-1	894	1749	-1	-1	615	211	2273	-1	-1	-1	-1	-1	-1	-1	-1	92	2733	-1	-1	42	-1	-1	289	-1	-1	7908	31	-1	-1	-1	-1	-1	-1	-1	-1	-1	-1	-1	128	-1	15	-1	-1	3082	-1	5140	-1	-1	-1	3441	-1	-1	-1	-1	-1	19	711	-1	14	-1	-1	-1	-1	-1	-1	-1	-1	-1	-1	-1	-1	-1	6668	-1	-1	-1	-1	-1	84	-1	-1	-1	1093	-1	-1	-1	-1	1546	-1	-1	94	-1	155	-1	-1	-1	-1	-1	62	-1	-1	-1	-1	-1	-1	-1	-1	-1	-1	-1	379	-1	-1	238	-1	12	-1	6162	-1	-1	6	-1	6	-1	-1	-1	-1	-1	-1	-1	181	-1	30	-1	-1	-1	-1	-1	-1	-1	56	211	-1	-1	-1	-1	-1	-1	40	-1	-1	-1	-1	-1	-1	-1	-1	-1	-1	48	-1	-1	-1	-1	-1	-1	-1	61	-1	-1	-1	6	-1	-1	-1	-1	-1	-1	-1	118	2120	-1	-1	-1	-1	-1	-1	-1	24	81	-1	-1	-1	6	-1	-1	188	1718	470	-1	-1	-1	-1	-1	-1	-1	-1	61	-1	-1	-1	572	47	-1	-1	-1	3897	-1	21	-1	-1	-1	-1	20	282	-1	-1	-1	-1	-1	-1	-1	-1	-1	-1	-1	1135	-1	-1	6	222	14	216	-1	-1	-1	-1	-1	-1	10	-1	725	-1	-1	-1	-1	61	2330	-1	-1	-1	289	-1	-1	54	10	-1	-1	-1	-1	-1	-1	-1	-1	286	4876	-1	257	-1	-1	443	-1	956	-1	31	-1	-1	-1	-1	127	-1	-1	-1	-1	-1	-1	413	-1	-1	-1	-1	432	-1	534	-1	-1	685	-1	-1	-1	-1	-1	-1	-1	-1	1178	31	6	14	-1	-1	-1	-1	-1	-1	-1	-1	
-1	50	-1	6	-1	-1	-1	377	206	5436	-1	-1	-1	-1	-1	3096	-1	1138	-1	-1	3493	-1	-1	-1	-1	6	397	-1	-1	437	-1	0	-1	-1	-1	355	-1	-1	-1	-1	-1	-1	-1	-1	-1	-1	-1	-1	316	-1	-1	-1	-1	-1	-1	180	-1	327	24	-1	-1	10	-1	156	-1	-1	-1	6	86	-1	-1	-1	-1	-1	-1	-1	36	-1	-1	-1	-1	3415	-1	-1	-1	-1	-1	-1	-1	-1	-1	-1	-1	-1	158	-1	-1	-1	-1	24	-1	24	7970	-1	-1	10	-1	-1	-1	-1	-1	-1	-1	-1	-1	-1	-1	-1	-1	6	-1	-1	-1	7795	-1	-1	148	-1	-1	38	-1	655	-1	-1	-1	-1	-1	-1	-1	-1	-1	3342	-1	-1	-1	-1	545	-1	-1	24	42	-1	2437	1851	-1	-1	-1	-1	-1	-1	-1	-1	209	-1	-1	-1	-1	792	-1	-1	-1	-1	-1	-1	-1	-1	-1	260	-1	111	-1	-1	-1	-1	6	-1	38	38	-1	22	-1	11	112	-1	-1	-1	6	-1	26	-1	-1	-1	-1	-1	-1	-1	-1	-1	-1	48	-1	-1	-1	-1	-1	-1	10	-1	-1	-1	-1	-1	2089	-1	-1	-1	-1	1969	-1	-1	26	-1	-1	-1	-1	2319	117	-1	12	-1	8617	-1	-1	-1	7614	-1	566	-1	-1	-1	-1	26	-1	-1	-1	-1	-1	-1	6	-1	45	-1	-1	-1	33	-1	38	-1	387	6	-1	6	-1	6715	8867	-1	10	-1	-1	-1	-1	61	-1	-1	9	-1	-1	-1	-1	75	75	23	-1	-1	202	113	312	-1	-1	-1	-1	-1	-1	10	-1	-1	1422	-1	-1	1970	25	-1	-1	-1	-1	2602	42	-1	216	6	20	-1	-1	-1	-1	-1	-1	-1	-1	27	-1	-1	-1	-1	-1	-1	10	-1	-1	-1	-1	2807	-1	-1	-1	-1	-1	146	-1	-1	-1	10	-1	-1	-1	-1	210	6	-1	-1	-1	-1	-1	-1	-1	-1	123	1349	-1	-1	6	8732	-1	-1	6	-1	-1	-1	1912	-1	-1	-1	-1	28	-1	53	-1	-1	-1	-1	-1	-1	107	101	30	-1	-1	-1	-1	-1	-1	-1	-1	-1	-1	-1	85	914	3307	-1	5715	222	-1	-1	-1	-1	65	36	-1	-1	-1	-1	-1	-1	37	-1	8070	-1	-1	-1	-1	-1	38	-1	-1	-1	66	-1	-1	-1	-1	-1	-1	172	-1	-1	-1	-1	-1	655	-1	6	99	-1	-1	-1	-1	-1	-1	-1	-1	63	6	-1	-1	-1	-1	-1	-1	-1	-1	120	2354	165	-1	-1	-1	-1	-1	-1	117	-1	-1	-1	-1	-1	-1	330	3126	-1	-1	-1	-1	-1	-1	125	-1	-1	32	-1	
-1	-1	-1	-1	-1	-1	-1	-1	1426	-1	-1	23	-1	-1	-1	-1	-1	1229	-1	-1	23	18	4998	418	-1	-1	-1	-1	-1	-1	-1	6	-1	51	-1	16	-1	-1	-1	-1	907	2217	-1	-1	-1	-1	-1	-1	8073	70	1457	6	-1	51	462	-1	-1	-1	-1	87	-1	34	0	-1	-1	3556	159	4355	-1	-1	-1	-1	-1	-1	-1	2423	-1	-1	10	-1	642	-1	-1	-1	-1	-1	-1	30	-1	52	-1	-1	-1	800	-1	-1	17	41	6	-1	-1	17	-1	6	-1	-1	-1	-1	12	-1	-1	57	-1	-1	-1	-1	5965	147	-1	6458	2165	-1	-1	99	71	-1	-1	-1	-1	-1	-1	2062	14	-1	-1	-1	783	28	-1	-1	-1	-1	-1	-1	514	-1	-1	-1	398	6	65	-1	81	33	-1	4186	-1	-1	-1	-1	-1	-1	-1	-1	-1	-1	5425	-1	201	10	3539	-1	-1	-1	-1	-1	-1	-1	-1	6	263	-1	-1	-1	107	684	-1	3760	-1	1122	-1	-1	-1	-1	-1	-1	132	-1	-1	-1	-1	-1	197	124	33	-1	-1	-1	-1	19	-1	-1	-1	-1	-1	-1	-1	-1	-1	9413	4250	-1	57	-1	6	-1	-1	3301	-1	-1	-1	16	-1	-1	1476	-1	43	-1	-1	8	228	18	-1	-1	91	-1	-1	-1	15	-1	1404	-1	-1	-1	-1	-1	8253	-1	-1	-1	-1	-1	-1	-1	6	-1	-1	-1	-1	-1	-1	10	-1	-1	-1	-1	-1	4727	-1	-1	437	1029	-1	-1	-1	-1	-1	-1	353	-1	-1	10	-1	-1	-1	-1	-1	-1	139	2585	6	-1	-1	-1	-1	25	4063	-1	-1	-1	-1	-1	35	-1	-1	-1	-1	-1	-1	-1	267	-1	12	-1	-1	781	-1	3944	354	-1	-1	6	-1	-1	-1	100	-1	-1	284	-1	-1	182	14	28	-1	-1	-1	-1	-1	284	-1	-1	-1	7845	36	17	1894	95	67	18	-1	9363	-1	-1	-1	1059	-1	263	-1	-1	6739	-1	-1	546	-1	-1	-1	-1	145	-1	-1	-1	-1	-1	-1	-1	-1	-1	30	87	-1	-1	71	-1	-1	-1	6	-1	189	284	-1	-1	-1	-1	-1	271	512	-1	143	-1	16	2671	-1	-1	-1	8068	-1	9405	-1	-1	-1	-1	-1	-1	8228	-1	-1	-1	-1	-1	20	-1	-1	-1	-1	-1	-1	-1	-1	-1	797	-1	3083	32	-1	32	-1	-1	-1	383	669	1537	170	-1	-1	-1	-1	-1	6	-1	-1	-1	-1	-1	-1	-1	76	-1	7343	-1	-1	22	-1	-1	1585	-1	-1	59	-1	-1	-1	-1	10	6075	270	6	-1	-1	-1	-1	-1	-1	3138	-1	121	-1	-1	-1	114	-1	
-1	-1	-1	-1	-1	-1	202	-1	6	170	-1	-1	1130	20	396	-1	-1	6	301	-1	171	-1	-1	14	-1	-1	150	-1	-1	-1	1195	-1	-1	12	1274	279	-1	-1	-1	-1	79	115	-1	209	-1	-1	84	-1	-1	-1	48	-1	-1	2203	-1	-1	-1	-1	-1	-1	-1	94	-1	541	-1	361	-1	-1	-1	7396	-1	-1	439	-1	24	-1	-1	500	-1	-1	93	-1	383	-1	-1	-1	-1	-1	-1	-1	-1	-1	-1	6	-1	-1	-1	-1	12	-1	-1	8411	-1	-1	-1	-1	-1	-1	-1	-1	-1	-1	-1	-1	42	-1	-1	-1	3782	-1	-1	-1	-1	-1	-1	-1	-1	30	6	522	-1	-1	-1	2495	-1	347	109	-1	-1	-1	-1	6	-1	1375	6	8180	-1	36	1822	-1	-1	-1	-1	-1	13	-1	262	-1	5163	-1	-1	42	-1	-1	6	-1	-1	-1	1256	-1	-1	-1	-1	-1	6	-1	215	-1	-1	-1	49	-1	-1	-1	-1	-1	-1	-1	-1	-1	-1	-1	-1	18	-1	-1	-1	-1	-1	-1	-1	-1	-1	9	-1	-1	126	26	-1	41	-1	302	741	-1	-1	-1	-1	-1	64	-1	-1	-1	-1	-1	59	-1	-1	-1	-1	6	-1	-1	-1	-1	-1	6	-1	-1	-1	29	689	-1	-1	-1	-1	-1	2132	-1	6	-1	-1	0	-1	-1	-1	-1	-1	-1	-1	-1	25	-1	-1	-1	-1	-1	9430	-1	70	152	102	6	-1	37	-1	-1	-1	-1	-1	-1	2382	-1	-1	-1	-1	-1	-1	-1	0	33	-1	272	-1	-1	-1	1030	101	-1	-1	-1	-1	6	-1	-1	-1	-1	40	86	12	-1	-1	-1	-1	569	-1	6	-1	829	-1	-1	-1	-1	958	-1	-1	113	-1	-1	-1	1343	-1	31	-1	92	-1	-1	-1	-1	210	-1	-1	-1	6	6397	-1	-1	0	-1	415	-1	-1	6	-1	-1	12	-1	32	-1	-1	-1	-1	-1	-1	-1	-1	-1	185	-1	-1	-1	-1	-1	-1	-1	87	-1	-1	-1	-1	-1	-1	-1	-1	-1	-1	-1	-1	-1	-1	-1	1466	589	-1	-1	118	-1	-1	482	-1	-1	-1	-1	-1	-1	-1	-1	-1	-1	-1	-1	-1	-1	-1	-1	-1	-1	3321	67	-1	-1	0	0	-1	-1	-1	-1	-1	-1	-1	-1	-1	18	-1	-1	6	-1	20	820	149	17	-1	-1	-1	-1	108	-1	-1	1392	124	5329	-1	-1	-1	-1	-1	364	1829	-1	-1	789	413	-1	-1	460	-1	-1	184	-1	-1	-1	607	-1	-1	-1	78	-1	-1	-1	-1	-1	-1	55	10	-1	56	-1	2123	-1	-1	-1	-1	-1	-1	-1	-1	-1	1289	10	377	256	
7275	-1	-1	-1	-1	-1	2083	-1	-1	-1	523	-1	-1	-1	-1	-1	-1	-1	62	-1	-1	53	-1	-1	-1	32	-1	-1	-1	396	-1	3617	-1	-1	279	-1	-1	142	-1	-1	-1	-1	-1	-1	-1	-1	-1	-1	194	-1	-1	-1	-1	-1	-1	6	-1	-1	-1	5398	-1	-1	-1	1662	9038	-1	-1	30	-1	-1	6	-1	898	-1	232	-1	-1	-1	-1	-1	-1	-1	6	-1	-1	-1	-1	-1	-1	-1	-1	-1	39	-1	-1	-1	-1	23	6	-1	-1	-1	-1	-1	-1	-1	-1	-1	-1	-1	-1	-1	-1	474	291	-1	-1	-1	-1	-1	-1	-1	-1	-1	-1	-1	1551	-1	59	1558	-1	-1	-1	-1	-1	-1	-1	24	-1	-1	-1	-1	-1	-1	-1	-1	674	-1	-1	-1	-1	-1	-1	2559	129	10	-1	-1	61	-1	264	205	-1	56	-1	-1	-1	-1	6	-1	-1	39	-1	5380	-1	3128	2074	34	-1	-1	-1	-1	1390	1528	-1	1368	-1	30	1142	40	459	-1	163	-1	189	-1	6040	517	-1	-1	37	-1	-1	-1	-1	108	6	-1	65	3510	-1	-1	-1	-1	-1	-1	6198	-1	9	55	16	-1	98	-1	-1	-1	-1	-1	-1	-1	-1	-1	-1	-1	-1	188	-1	-1	-1	-1	-1	-1	-1	55	-1	-1	-1	54	6	-1	-1	490	-1	-1	-1	-1	-1	-1	247	-1	6	-1	-1	-1	-1	-1	1153	-1	-1	-1	-1	9	-1	204	20	25	-1	-1	-1	-1	-1	-1	2570	27	6	-1	-1	-1	-1	805	-1	-1	-1	37	-1	58	10	-1	-1	-1	33	-1	-1	754	-1	-1	10	102	-1	-1	-1	-1	2724	-1	-1	-1	-1	-1	-1	149	-1	2817	-1	-1	741	-1	764	-1	-1	-1	-1	-1	563	-1	109	-1	-1	-1	675	-1	-1	-1	490	-1	-1	-1	-1	-1	-1	168	30	-1	82	-1	-1	-1	-1	-1	-1	-1	-1	-1	1780	-1	-1	-1	-1	-1	-1	-1	-1	-1	-1	-1	-1	-1	100	1386	-1	-1	-1	-1	-1	10	-1	-1	0	531	6	-1	2187	354	-1	8	-1	-1	-1	614	-1	-1	-1	-1	-1	753	-1	-1	-1	-1	-1	-1	-1	44	-1	-1	-1	5605	-1	-1	-1	8943	-1	-1	-1	2489	-1	-1	-1	-1	807	-1	2658	-1	-1	78	-1	-1	-1	-1	-1	6	6	-1	-1	541	-1	-1	-1	-1	-1	-1	-1	-1	42	4364	-1	-1	-1	-1	-1	12	-1	-1	0	-1	-1	15	-1	48	42	-1	-1	-1	-1	74	-1	-1	-1	-1	2232	-1	-1	-1	-1	-1	-1	459	721	1171	172	-1	-1	-1	-1	-1	216	5843	-1	102	66	-1	
-1	-1	-1	-1	-1	-1	-1	-1	-1	62	-1	357	-1	-1	-1	14	6	-1	10	-1	4011	-1	-1	6393	-1	29	-1	21	-1	-1	887	54	0	-1	-1	-1	-1	-1	-1	-1	-1	-1	-1	439	-1	-1	6	9784	6	-1	-1	-1	-1	63	32	235	-1	448	-1	-1	-1	-1	-1	-1	-1	278	54	-1	-1	-1	-1	48	-1	-1	7261	-1	132	-1	10	-1	14	-1	-1	455	-1	6	5520	3079	-1	30	-1	9120	-1	-1	-1	-1	-1	-1	101	-1	-1	-1	7610	-1	580	-1	-1	-1	-1	-1	79	-1	14	1693	-1	-1	295	-1	6	162	-1	-1	164	-1	-1	83	6	-1	-1	-1	99	871	101	-1	-1	12	-1	1154	-1	1409	-1	6	673	22	-1	-1	-1	-1	-1	-1	-1	25	-1	-1	63	-1	-1	-1	-1	125	-1	-1	-1	144	-1	-1	-1	8104	-1	-1	43	27	-1	-1	-1	-1	-1	-1	-1	9480	-1	6	-1	-1	65	4642	6	-1	-1	-1	710	-1	-1	-1	-1	-1	10	-1	356	-1	4892	3738	-1	520	-1	-1	-1	-1	-1	-1	-1	35	-1	3369	-1	-1	-1	-1	-1	-1	230	-1	-1	-1	227	-1	-1	149	205	-1	-1	-1	-1	-1	2384	-1	-1	27	972	50	-1	22	-1	1877	-1	-1	-1	-1	-1	-1	111	-1	-1	-1	-1	13	-1	43	-1	-1	1595	-1	36	-1	-1	-1	-1	-1	-1	-1	-1	0	5119	-1	-1	-1	-1	8	-1	259	304	-1	-1	-1	-1	77	-1	-1	6	-1	-1	-1	-1	31	-1	-1	-1	473	-1	-1	139	-1	-1	4594	-1	-1	326	-1	-1	-1	-1	-1	-1	-1	-1	-1	-1	-1	-1	196	-1	-1	-1	-1	883	-1	-1	6	-1	-1	-1	-1	-1	-1	-1	-1	-1	-1	-1	14	18	-1	6	1360	-1	-1	-1	-1	-1	-1	-1	-1	10	-1	-1	-1	-1	-1	99	56	14	-1	-1	-1	2778	-1	-1	-1	-1	-1	8752	-1	183	-1	82	6	-1	-1	-1	-1	1204	-1	-1	-1	-1	-1	10	-1	6759	-1	-1	-1	-1	-1	-1	-1	-1	-1	-1	6	-1	-1	-1	110	-1	6	116	-1	-1	-1	-1	1853	-1	-1	9357	-1	-1	232	-1	-1	-1	33	11	-1	93	-1	-1	-1	-1	-1	-1	-1	-1	35	44	-1	-1	1196	-1	-1	189	-1	-1	-1	-1	-1	2278	-1	-1	-1	-1	-1	-1	-1	-1	93	6	-1	-1	-1	-1	-1	5413	-1	10	-1	-1	213	-1	-1	3559	6	11	-1	-1	29	-1	6	-1	-1	-1	5140	-1	-1	94	-1	-1	-1	-1	-1	-1	-1	111	-1	0	-1	-1	-1	-1	-1	
-1	-1	676	-1	-1	-1	-1	-1	-1	-1	42	-1	-1	-1	-1	-1	-1	-1	3146	519	360	-1	-1	29	-1	2309	-1	56	-1	-1	-1	-1	-1	-1	-1	-1	-1	44	1548	-1	-1	-1	-1	1089	4755	-1	1544	-1	-1	-1	-1	10	-1	-1	-1	-1	-1	-1	-1	-1	-1	-1	-1	351	-1	-1	-1	-1	-1	-1	-1	-1	-1	3391	-1	-1	-1	819	-1	-1	-1	-1	-1	-1	4317	6	160	569	-1	-1	0	-1	-1	-1	14	1219	-1	6035	-1	-1	-1	-1	789	-1	-1	-1	-1	-1	312	334	-1	-1	-1	-1	-1	0	2188	-1	-1	-1	21	-1	-1	-1	-1	-1	-1	40	-1	45	-1	-1	-1	-1	-1	-1	-1	-1	-1	-1	-1	-1	-1	91	-1	-1	-1	-1	-1	-1	43	-1	-1	-1	-1	-1	-1	-1	235	-1	-1	5287	-1	53	-1	-1	-1	-1	201	-1	-1	-1	6	-1	-1	-1	-1	-1	-1	-1	-1	-1	-1	-1	6	-1	-1	76	-1	-1	39	-1	1072	68	-1	1009	6	6	15	-1	1350	-1	-1	-1	-1	357	-1	-1	-1	-1	-1	-1	18	-1	-1	-1	558	-1	1467	4720	-1	26	-1	-1	7586	295	-1	-1	-1	53	-1	-1	-1	-1	-1	-1	-1	-1	-1	-1	-1	1414	2343	-1	221	125	1672	-1	-1	24	-1	-1	-1	5542	6	43	-1	-1	11	10	-1	-1	261	-1	84	-1	-1	-1	-1	-1	34	-1	-1	-1	-1	-1	6920	128	-1	6	162	-1	-1	-1	-1	-1	6	-1	210	-1	-1	-1	6146	-1	-1	341	97	399	-1	-1	-1	2083	-1	-1	-1	-1	-1	-1	-1	-1	-1	-1	-1	-1	-1	-1	-1	-1	-1	-1	236	7603	2722	-1	1574	-1	-1	-1	41	-1	-1	-1	-1	6	179	731	-1	-1	6922	-1	-1	-1	-1	-1	-1	59	106	-1	6	-1	103	-1	12	-1	-1	-1	-1	-1	55	-1	-1	-1	638	-1	-1	-1	-1	-1	-1	83	-1	-1	1936	242	-1	-1	622	-1	-1	-1	-1	27	-1	-1	2439	29	-1	83	-1	-1	-1	-1	-1	-1	-1	763	23	-1	-1	17	13	-1	-1	1173	-1	1203	780	-1	-1	-1	-1	-1	-1	25	99	-1	-1	-1	-1	14	28	-1	136	-1	14	-1	-1	3413	-1	-1	-1	-1	-1	-1	34	6	-1	-1	-1	-1	2291	86	12	-1	-1	16	-1	-1	-1	-1	-1	-1	-1	-1	-1	117	-1	6	6	-1	-1	-1	505	-1	-1	75	-1	-1	6268	-1	-1	-1	-1	-1	-1	-1	6	-1	-1	-1	-1	-1	-1	-1	26	-1	-1	-1	-1	-1	-1	-1	130	68	-1	-1	413	60	446	-1	
-1	6	-1	-1	-1	-1	-1	-1	-1	-1	-1	507	-1	6	-1	-1	-1	-1	-1	-1	39	-1	-1	349	475	1796	-1	-1	-1	169	-1	-1	6	247	-1	69	-1	-1	181	-1	-1	-1	-1	-1	36	-1	-1	8589	-1	-1	81	-1	71	-1	-1	-1	-1	-1	42	-1	-1	-1	-1	86	10	52	114	-1	-1	-1	142	-1	-1	86	-1	-1	-1	-1	-1	-1	-1	-1	-1	-1	-1	6	-1	205	6	-1	3099	-1	-1	6	-1	-1	-1	6	-1	-1	18	-1	3503	-1	-1	-1	-1	-1	9	-1	-1	-1	-1	10	-1	-1	2148	-1	-1	-1	-1	-1	-1	3630	22	-1	-1	20	-1	-1	-1	-1	-1	26	-1	212	-1	-1	-1	-1	-1	18	6	6	32	-1	-1	-1	0	692	-1	-1	2489	1131	-1	-1	-1	-1	-1	-1	-1	-1	6	-1	-1	-1	-1	-1	-1	-1	-1	7624	-1	-1	-1	344	119	-1	-1	-1	-1	-1	-1	-1	7155	-1	-1	-1	-1	-1	-1	80	-1	-1	-1	-1	-1	1402	-1	-1	-1	-1	-1	-1	-1	-1	2963	-1	6	-1	-1	-1	-1	-1	1398	-1	390	10	-1	10	-1	-1	-1	154	-1	-1	65	-1	-1	-1	272	-1	-1	-1	67	-1	-1	-1	-1	-1	47	-1	27	-1	24	-1	215	-1	-1	-1	-1	-1	-1	-1	-1	-1	4429	5182	-1	1043	58	-1	3365	115	-1	-1	-1	-1	-1	157	-1	-1	-1	-1	-1	-1	43	-1	6	22	-1	-1	-1	3961	-1	-1	379	-1	-1	1953	-1	-1	-1	-1	-1	-1	118	-1	-1	204	9201	64	-1	-1	-1	-1	-1	-1	-1	-1	6806	-1	-1	-1	-1	-1	15	-1	-1	-1	-1	-1	-1	-1	2193	-1	43	-1	-1	-1	7033	-1	-1	-1	-1	892	-1	-1	-1	-1	-1	48	-1	-1	-1	10	-1	-1	-1	-1	-1	-1	-1	-1	-1	48	-1	4839	-1	-1	59	-1	80	-1	-1	-1	-1	-1	-1	-1	-1	-1	326	-1	-1	-1	-1	6	-1	-1	-1	-1	10	-1	-1	-1	-1	-1	-1	51	-1	-1	189	-1	-1	2749	-1	-1	-1	0	5619	-1	-1	6	2308	48	-1	-1	-1	-1	-1	9553	-1	5827	-1	-1	-1	244	1200	-1	-1	458	-1	232	-1	-1	1463	-1	16	47	-1	1837	-1	560	-1	-1	-1	-1	6	924	-1	-1	-1	-1	-1	300	-1	-1	-1	68	-1	-1	-1	-1	-1	-1	-1	-1	-1	41	16	-1	-1	227	-1	-1	8	-1	1403	4642	-1	20	-1	-1	-1	-1	3983	-1	-1	-1	6	214	-1	71	-1	336	-1	-1	-1	-1	-1	-1	-1	170	-1	-1	19	-1	2200	-1	
-1	576	423	-1	-1	5510	-1	-1	-1	67	-1	10	-1	1090	-1	2228	-1	-1	1110	16	-1	-1	-1	-1	-1	-1	-1	1007	-1	-1	38	-1	-1	-1	149	-1	-1	177	-1	311	-1	1071	-1	-1	-1	33	-1	-1	-1	5371	902	-1	-1	-1	-1	-1	0	-1	-1	397	-1	-1	2515	-1	-1	-1	-1	94	-1	-1	-1	-1	-1	-1	-1	-1	10	1317	-1	-1	-1	-1	0	-1	51	35	8	-1	-1	-1	-1	-1	-1	-1	537	-1	-1	-1	-1	-1	-1	-1	-1	-1	-1	-1	-1	-1	53	-1	-1	-1	6	5014	839	-1	-1	-1	6732	253	-1	-1	-1	-1	-1	-1	-1	81	-1	23	-1	-1	-1	-1	32	-1	-1	-1	10	289	-1	6154	-1	-1	-1	-1	-1	596	10	-1	-1	203	-1	-1	-1	12	-1	952	1465	86	-1	-1	-1	-1	444	406	-1	-1	-1	-1	-1	23	-1	-1	6	-1	-1	-1	44	-1	-1	-1	120	-1	-1	78	-1	-1	-1	-1	-1	-1	-1	-1	1501	-1	-1	-1	-1	-1	-1	-1	-1	-1	121	-1	22	-1	-1	-1	-1	30	-1	-1	37	-1	-1	-1	2806	-1	-1	-1	-1	-1	-1	-1	-1	-1	6	5599	-1	-1	-1	-1	-1	392	-1	12	4391	-1	7078	-1	141	-1	-1	-1	191	748	-1	-1	47	-1	-1	-1	-1	176	64	-1	14	6	15	-1	-1	-1	-1	2795	6	-1	-1	-1	38	99	106	-1	6	-1	-1	-1	-1	-1	-1	-1	-1	275	-1	-1	35	1418	-1	-1	-1	-1	-1	-1	3620	-1	-1	-1	-1	-1	-1	-1	-1	-1	-1	1221	-1	-1	-1	-1	-1	5535	-1	-1	-1	0	6	-1	-1	4609	-1	-1	-1	-1	-1	179	-1	4634	6	-1	6	-1	-1	-1	3510	-1	-1	-1	-1	-1	-1	-1	-1	-1	-1	-1	-1	48	-1	-1	50	-1	-1	1397	-1	-1	-1	-1	-1	-1	-1	-1	-1	17	-1	-1	-1	-1	1633	-1	100	-1	-1	-1	-1	-1	68	-1	5630	11	-1	-1	-1	-1	1529	-1	-1	-1	-1	-1	-1	-1	-1	-1	-1	-1	6207	6	6	-1	-1	-1	-1	-1	-1	-1	-1	-1	-1	-1	-1	-1	-1	-1	-1	-1	-1	-1	-1	75	-1	-1	112	-1	-1	-1	-1	-1	-1	37	-1	-1	4432	5646	-1	-1	-1	-1	-1	-1	910	-1	-1	2143	-1	-1	-1	-1	-1	-1	-1	10	873	-1	-1	-1	-1	-1	-1	-1	334	-1	0	-1	-1	-1	75	-1	-1	17	-1	-1	17	-1	-1	-1	-1	-1	1076	-1	302	-1	-1	-1	-1	-1	267	-1	-1	-1	422	-1	68	-1	-1	6877	-1	-1	-1	-1	
-1	-1	-1	-1	-1	-1	-1	-1	-1	-1	-1	12	-1	1090	-1	2139	-1	-1	-1	-1	-1	-1	1911	-1	-1	-1	-1	-1	-1	-1	-1	-1	-1	-1	33	-1	-1	-1	-1	12	-1	-1	9718	-1	-1	2780	-1	-1	-1	113	-1	-1	-1	64	-1	1094	-1	-1	-1	-1	-1	-1	481	6	-1	10	-1	-1	-1	37	2264	-1	-1	1377	-1	-1	-1	-1	42	-1	-1	-1	-1	-1	-1	2715	-1	-1	-1	-1	-1	-1	-1	-1	-1	-1	-1	-1	-1	-1	-1	85	130	-1	-1	-1	-1	-1	-1	-1	1999	225	-1	-1	6	-1	-1	-1	6	23	-1	-1	-1	1096	-1	35	-1	-1	-1	37	-1	-1	6	-1	-1	-1	1023	-1	-1	-1	18	-1	330	-1	-1	-1	-1	-1	32	-1	-1	42	731	-1	-1	-1	6	277	-1	-1	-1	59	-1	-1	-1	-1	-1	314	26	-1	0	-1	-1	-1	-1	46	14	-1	-1	255	-1	-1	-1	-1	-1	14	-1	6	-1	1872	-1	-1	370	-1	-1	-1	7271	-1	-1	-1	-1	-1	-1	551	-1	-1	-1	145	10	-1	1144	1703	-1	-1	-1	47	-1	-1	-1	-1	-1	-1	-1	-1	-1	-1	1155	-1	-1	155	-1	-1	-1	-1	-1	59	-1	177	-1	3520	-1	-1	93	-1	-1	-1	2023	-1	-1	33	-1	-1	-1	-1	-1	-1	-1	-1	-1	287	-1	-1	-1	-1	-1	-1	45	-1	-1	143	-1	-1	312	-1	138	-1	-1	6813	-1	63	-1	-1	6	-1	-1	-1	-1	-1	-1	-1	-1	530	-1	-1	-1	-1	-1	-1	10	-1	-1	-1	-1	-1	-1	-1	-1	-1	-1	-1	-1	-1	151	-1	-1	-1	-1	6	-1	3925	-1	4939	-1	-1	-1	-1	-1	-1	-1	-1	-1	2404	11	28	-1	-1	-1	-1	-1	-1	-1	27	176	686	1299	-1	-1	-1	-1	-1	48	-1	-1	360	0	1588	-1	-1	29	19	1387	-1	-1	-1	-1	-1	-1	-1	-1	11	-1	-1	38	-1	-1	-1	-1	0	2308	891	-1	412	105	-1	-1	-1	-1	-1	-1	-1	-1	-1	-1	-1	129	83	216	601	6	-1	2748	47	-1	-1	14	-1	-1	-1	-1	-1	-1	14	-1	-1	-1	-1	-1	33	-1	-1	240	-1	-1	-1	-1	-1	-1	10	-1	-1	-1	-1	-1	-1	-1	59	-1	-1	2570	-1	-1	-1	-1	-1	122	129	-1	61	41	-1	1203	-1	-1	-1	-1	21	544	-1	-1	-1	-1	10	-1	-1	-1	-1	-1	-1	-1	70	-1	-1	-1	6	-1	-1	-1	101	-1	-1	-1	42	-1	18	-1	-1	-1	-1	-1	-1	-1	-1	-1	-1	-1	-1	91	-1	-1	-1	
-1	-1	-1	49	-1	-1	6477	-1	-1	37	6	-1	-1	10	-1	-1	-1	324	-1	-1	1941	-1	0	2033	1432	-1	9	6	10	-1	-1	-1	-1	-1	-1	23	-1	-1	289	-1	-1	6	447	70	6	-1	-1	-1	1049	-1	-1	-1	-1	15	-1	272	-1	-1	1706	-1	-1	4268	20	-1	-1	22	129	-1	-1	-1	-1	-1	-1	4410	140	16	-1	-1	724	-1	-1	828	-1	2404	-1	41	-1	-1	-1	-1	-1	-1	-1	-1	-1	-1	-1	3937	58	-1	72	1869	8	136	-1	-1	-1	-1	138	-1	-1	-1	-1	-1	-1	-1	-1	-1	-1	-1	-1	-1	-1	1780	402	-1	-1	-1	-1	-1	-1	-1	-1	-1	223	1687	-1	-1	-1	-1	58	-1	6	-1	-1	-1	-1	-1	-1	5724	-1	6	6	39	-1	0	-1	-1	5769	-1	-1	-1	-1	-1	-1	-1	-1	-1	22	485	-1	6	-1	-1	-1	-1	566	-1	-1	2033	8769	-1	-1	-1	-1	8676	6	-1	-1	-1	1267	-1	-1	39	-1	-1	-1	6	-1	-1	-1	-1	-1	-1	-1	1427	312	-1	-1	43	-1	-1	-1	83	6	6	-1	6	-1	41	605	-1	-1	45	143	6	-1	-1	2568	413	10	17	607	-1	-1	-1	-1	-1	-1	-1	-1	280	-1	-1	698	-1	-1	-1	14	-1	-1	-1	-1	-1	1605	-1	-1	1393	-1	5364	-1	155	-1	-1	-1	-1	-1	1129	-1	-1	-1	-1	-1	-1	3589	0	174	73	-1	-1	-1	-1	745	-1	-1	2237	-1	-1	27	-1	-1	301	6	1914	-1	-1	626	2713	19	266	-1	-1	-1	-1	2306	-1	-1	-1	-1	-1	-1	4892	-1	-1	-1	-1	2241	-1	-1	-1	1423	6	-1	10	-1	52	65	-1	226	378	-1	-1	-1	92	-1	-1	-1	282	-1	-1	-1	-1	-1	-1	6	-1	-1	2735	-1	12	36	-1	2739	-1	-1	-1	-1	-1	-1	-1	-1	-1	-1	50	633	540	-1	69	-1	321	-1	478	-1	-1	-1	-1	-1	-1	-1	-1	-1	-1	-1	-1	-1	-1	-1	-1	-1	-1	-1	-1	-1	-1	-1	-1	27	-1	46	-1	-1	-1	-1	37	-1	-1	6	-1	-1	-1	-1	-1	46	-1	-1	-1	1563	-1	79	-1	-1	83	-1	-1	556	-1	-1	-1	1156	35	59	-1	-1	-1	-1	-1	-1	6	18	-1	-1	-1	10	-1	-1	-1	-1	-1	-1	77	-1	16	-1	-1	-1	332	-1	-1	-1	4531	-1	-1	-1	-1	-1	396	-1	-1	10	976	-1	-1	585	-1	12	77	6	-1	-1	-1	-1	-1	-1	-1	-1	129	13	42	-1	6	-1	263	249	195	-1	-1	29	1480	-1	-1	
6	1586	76	-1	-1	-1	6	513	-1	22	-1	-1	-1	-1	-1	59	16	-1	-1	-1	-1	-1	6	-1	196	-1	-1	-1	79	-1	-1	63	-1	-1	-1	160	-1	43	6	-1	-1	-1	-1	-1	6	-1	24	-1	-1	5028	-1	89	-1	-1	-1	-1	1866	-1	-1	-1	-1	-1	-1	40	-1	-1	-1	-1	-1	-1	12	-1	-1	-1	-1	-1	-1	-1	6	11	29	-1	-1	-1	9589	-1	70	-1	-1	141	-1	608	-1	10	-1	-1	58	-1	-1	2230	-1	-1	-1	18	-1	-1	911	4209	463	-1	-1	1143	138	-1	-1	45	159	1948	-1	5738	-1	33	168	275	4312	-1	-1	-1	-1	-1	288	-1	-1	-1	-1	-1	-1	-1	-1	-1	-1	-1	-1	824	316	-1	103	8313	-1	7842	-1	-1	32	16	1705	-1	1621	-1	-1	-1	-1	-1	-1	105	506	-1	-1	-1	-1	-1	-1	-1	-1	-1	-1	-1	-1	53	-1	-1	-1	71	33	1962	-1	245	-1	-1	-1	-1	-1	-1	-1	-1	-1	10	-1	-1	-1	-1	61	2833	18	-1	762	30	26	-1	-1	-1	-1	-1	-1	-1	-1	-1	-1	-1	-1	-1	16	-1	-1	-1	-1	8	36	-1	-1	-1	-1	-1	-1	25	92	-1	-1	-1	-1	35	34	173	-1	-1	-1	-1	-1	108	14	-1	34	708	-1	-1	-1	-1	-1	-1	153	-1	-1	-1	2117	-1	-1	110	6858	217	-1	64	197	39	-1	41	6	12	-1	183	6567	8	-1	-1	-1	-1	-1	-1	-1	-1	-1	5369	-1	14	-1	-1	8990	-1	-1	217	6	-1	-1	6	-1	-1	-1	-1	115	-1	330	6	-1	-1	16	-1	105	-1	-1	-1	96	-1	-1	2094	-1	-1	-1	-1	-1	-1	225	-1	-1	-1	-1	-1	-1	-1	-1	-1	-1	-1	421	-1	-1	1758	-1	-1	-1	6	-1	-1	-1	25	-1	-1	-1	-1	-1	6	-1	-1	-1	-1	-1	-1	2951	-1	-1	10	-1	-1	-1	1199	3973	12	-1	-1	-1	-1	-1	-1	15	-1	-1	59	6	-1	-1	-1	1078	-1	-1	53	-1	-1	28	-1	-1	851	-1	-1	-1	-1	-1	-1	-1	-1	-1	-1	-1	-1	46	285	-1	-1	154	-1	-1	10	-1	-1	337	-1	2919	43	310	-1	-1	-1	-1	-1	-1	-1	-1	225	-1	-1	187	-1	-1	5248	-1	-1	-1	732	-1	-1	-1	-1	-1	-1	-1	629	-1	-1	-1	-1	-1	-1	-1	-1	-1	-1	414	-1	-1	-1	-1	-1	-1	-1	-1	-1	-1	-1	20	-1	-1	87	-1	-1	-1	6	-1	-1	-1	-1	-1	-1	-1	-1	-1	172	-1	607	-1	-1	-1	-1	-1	108	
-1	-1	-1	-1	442	6	136	-1	-1	18	-1	-1	14	-1	-1	6	-1	-1	-1	-1	8110	278	-1	20	-1	-1	6	14	-1	113	-1	-1	157	-1	10	-1	-1	4429	-1	-1	-1	-1	-1	-1	-1	-1	14	12	-1	-1	89	-1	-1	-1	-1	-1	-1	-1	-1	-1	-1	-1	1955	-1	-1	-1	-1	-1	-1	-1	80	-1	423	-1	-1	-1	-1	-1	-1	-1	933	-1	-1	-1	-1	-1	-1	-1	95	-1	-1	-1	-1	124	-1	-1	-1	-1	10	-1	-1	477	1324	-1	-1	-1	82	1014	-1	-1	22	-1	-1	-1	-1	-1	-1	-1	-1	-1	593	8123	-1	6	1901	-1	-1	-1	-1	-1	-1	-1	-1	6	-1	-1	-1	372	4777	-1	-1	851	97	-1	-1	-1	-1	-1	15	-1	229	-1	-1	-1	-1	-1	-1	-1	-1	6	481	-1	-1	-1	-1	-1	-1	43	-1	-1	-1	-1	-1	252	-1	-1	37	-1	42	-1	24	-1	-1	-1	-1	459	-1	-1	-1	-1	80	-1	-1	-1	14	163	2035	-1	179	690	-1	-1	-1	90	-1	14	-1	-1	-1	-1	-1	6	-1	11	202	-1	-1	-1	-1	3764	-1	-1	1217	435	-1	-1	-1	-1	-1	-1	-1	342	55	-1	-1	-1	10	1554	-1	-1	21	428	3907	-1	-1	646	-1	-1	-1	-1	-1	860	-1	-1	-1	8322	982	2171	-1	-1	-1	12	-1	100	64	-1	-1	36	-1	-1	279	-1	504	893	-1	-1	-1	79	-1	-1	-1	373	-1	-1	43	-1	14	50	1519	-1	-1	515	-1	6	-1	-1	-1	-1	-1	-1	-1	-1	-1	33	1144	636	-1	-1	-1	106	2610	-1	-1	-1	0	4090	-1	-1	-1	-1	-1	-1	-1	-1	-1	-1	-1	-1	177	-1	-1	1856	-1	-1	-1	-1	-1	-1	-1	965	-1	-1	398	16	1106	-1	-1	-1	249	6	-1	-1	-1	-1	50	-1	53	-1	60	6	-1	-1	-1	-1	6	-1	-1	-1	-1	-1	-1	-1	19	55	-1	-1	-1	-1	-1	-1	189	229	60	-1	6	2765	-1	-1	2628	-1	-1	-1	1890	-1	-1	-1	-1	51	-1	-1	6	-1	-1	-1	-1	-1	-1	-1	-1	431	-1	-1	-1	2745	-1	456	207	-1	-1	-1	-1	7020	-1	-1	317	16	768	-1	6	-1	-1	103	137	-1	9	6	-1	-1	313	-1	-1	-1	-1	-1	-1	-1	2686	-1	6	-1	-1	26	-1	96	-1	1191	-1	147	-1	-1	-1	-1	-1	-1	-1	-1	968	-1	192	156	2626	-1	-1	-1	-1	-1	20	-1	-1	-1	-1	-1	10	-1	-1	-1	-1	-1	44	-1	-1	-1	669	-1	-1	-1	21	6	6	-1	
-1	-1	-1	6	-1	397	-1	-1	-1	277	123	-1	-1	-1	-1	-1	-1	3718	-1	-1	-1	-1	-1	-1	-1	966	50	-1	-1	-1	322	-1	433	2095	-1	754	-1	-1	-1	52	-1	445	853	595	7730	475	-1	59	-1	18	842	-1	-1	-1	-1	-1	-1	3999	-1	-1	-1	178	-1	-1	-1	-1	-1	-1	-1	-1	-1	-1	-1	18	-1	-1	17	19	-1	6	-1	-1	-1	-1	968	-1	-1	-1	-1	1471	2735	1136	-1	-1	58	-1	-1	-1	-1	-1	-1	-1	3881	-1	-1	49	-1	133	36	-1	-1	-1	538	-1	-1	1270	-1	69	-1	69	10	-1	41	-1	7256	-1	-1	76	28	-1	-1	-1	-1	-1	-1	-1	-1	-1	356	-1	1334	-1	-1	-1	145	-1	152	-1	-1	-1	-1	6	-1	154	580	-1	-1	1578	189	-1	1138	-1	-1	-1	-1	-1	-1	-1	-1	12	50	-1	-1	-1	-1	-1	-1	124	-1	-1	17	9268	290	6	-1	-1	-1	-1	-1	-1	-1	-1	-1	-1	-1	-1	-1	1331	-1	-1	-1	-1	-1	22	-1	-1	-1	6	-1	-1	-1	-1	-1	3437	-1	488	558	-1	-1	185	-1	183	2217	-1	-1	-1	4440	-1	26	29	-1	-1	-1	-1	-1	-1	-1	-1	-1	-1	-1	-1	29	-1	586	-1	12	6	25	-1	-1	-1	-1	-1	858	270	-1	-1	649	277	-1	45	-1	-1	-1	-1	8	20	-1	-1	-1	-1	-1	-1	-1	14	-1	-1	-1	-1	6	-1	-1	-1	-1	781	-1	76	-1	-1	-1	-1	-1	-1	34	-1	-1	-1	23	790	9035	-1	-1	303	173	305	-1	-1	-1	10	-1	-1	104	-1	-1	-1	6	-1	-1	-1	-1	-1	6	-1	-1	-1	-1	-1	-1	-1	-1	6	418	38	-1	-1	1370	-1	-1	15	18	2633	6676	-1	-1	6	589	35	-1	-1	136	86	93	26	6	-1	-1	-1	-1	-1	-1	-1	410	311	-1	1547	-1	-1	-1	299	-1	4896	-1	-1	8	395	-1	-1	10	-1	40	-1	-1	17	-1	-1	-1	6	-1	-1	-1	-1	-1	1220	-1	359	-1	-1	-1	174	6	-1	-1	-1	-1	-1	-1	-1	1105	-1	-1	-1	-1	-1	-1	-1	-1	-1	-1	-1	-1	7850	54	-1	-1	-1	-1	387	412	-1	-1	2241	-1	-1	-1	-1	-1	-1	-1	6	-1	70	-1	-1	-1	-1	-1	-1	-1	95	-1	-1	-1	-1	-1	-1	-1	-1	-1	65	-1	-1	312	-1	15	4045	-1	966	-1	-1	-1	-1	-1	-1	-1	-1	275	-1	-1	-1	-1	3263	-1	23	-1	-1	-1	-1	-1	-1	751	-1	-1	-1	226	10	-1	-1	208	-1	
-1	2198	-1	-1	-1	-1	-1	-1	-1	-1	4506	20	-1	-1	-1	486	9718	318	205	252	6	-1	-1	-1	-1	-1	6	-1	-1	23	2854	-1	26	-1	-1	213	-1	-1	-1	918	-1	45	-1	-1	-1	-1	20	82	2683	-1	-1	-1	6	10	-1	-1	152	-1	1850	-1	-1	140	417	-1	-1	-1	301	-1	470	-1	-1	-1	-1	-1	-1	37	-1	-1	-1	-1	3965	27	-1	-1	-1	-1	-1	-1	10	-1	-1	48	-1	-1	-1	-1	-1	-1	-1	-1	-1	-1	6	59	-1	-1	-1	-1	-1	-1	-1	-1	-1	-1	14	10	-1	-1	6	-1	-1	-1	404	-1	-1	-1	119	-1	-1	-1	-1	-1	140	-1	60	-1	261	-1	82	-1	-1	-1	1793	22	-1	-1	-1	-1	-1	481	6	58	260	-1	-1	128	-1	-1	-1	-1	6	-1	-1	-1	-1	-1	-1	-1	6854	-1	-1	-1	455	-1	-1	2436	-1	-1	-1	-1	-1	27	6	-1	-1	-1	-1	-1	-1	22	-1	56	-1	202	-1	-1	-1	14	-1	-1	-1	-1	-1	-1	126	-1	-1	-1	6	-1	-1	505	-1	-1	-1	-1	-1	-1	-1	-1	-1	-1	-1	-1	66	-1	-1	-1	-1	-1	6	-1	-1	204	-1	5770	336	556	10	582	-1	-1	-1	1616	-1	-1	-1	24	-1	-1	-1	8	-1	-1	-1	58	-1	812	10	-1	-1	-1	139	-1	-1	-1	-1	-1	1668	16	-1	-1	-1	22	-1	-1	-1	209	40	-1	-1	-1	-1	-1	-1	86	-1	-1	-1	-1	-1	-1	1353	-1	-1	32	-1	297	-1	2705	58	-1	-1	-1	-1	44	80	-1	-1	-1	-1	-1	-1	-1	-1	-1	-1	-1	-1	-1	36	-1	-1	40	-1	-1	154	7078	7587	-1	-1	-1	-1	6	-1	-1	-1	-1	-1	-1	-1	1754	-1	-1	-1	-1	966	-1	-1	-1	-1	-1	292	118	-1	-1	-1	8407	250	171	-1	2937	2700	-1	-1	-1	-1	-1	-1	-1	-1	-1	-1	-1	-1	-1	-1	-1	-1	-1	-1	1243	-1	4048	-1	-1	-1	-1	-1	108	-1	-1	-1	-1	-1	-1	-1	-1	-1	-1	-1	-1	-1	70	1002	5360	-1	-1	156	-1	1031	-1	-1	-1	-1	-1	90	-1	213	6	-1	-1	-1	75	2935	-1	15	-1	-1	10	-1	-1	-1	-1	5478	188	-1	-1	-1	-1	-1	-1	-1	-1	-1	-1	-1	-1	-1	-1	-1	-1	709	468	571	-1	197	-1	-1	-1	6	-1	18	-1	6	4214	-1	47	-1	-1	48	-1	29	-1	-1	-1	-1	-1	-1	162	-1	-1	-1	-1	163	-1	-1	-1	-1	-1	-1	-1	-1	256	-1	-1	891	-1	-1	-1	
2308	6	-1	18	-1	346	-1	-1	205	-1	-1	314	6	-1	-1	24	-1	-1	-1	-1	2752	59	-1	10	-1	4216	-1	-1	-1	87	2075	150	-1	-1	-1	-1	-1	-1	-1	-1	28	6	-1	-1	-1	-1	302	-1	20	-1	-1	-1	1647	184	-1	-1	-1	-1	-1	-1	-1	-1	-1	-1	-1	-1	-1	-1	-1	-1	-1	-1	-1	6	409	-1	347	-1	-1	-1	-1	-1	20	-1	310	-1	-1	-1	-1	1486	-1	49	-1	-1	-1	-1	-1	-1	-1	358	9333	-1	-1	-1	-1	-1	-1	2881	-1	-1	-1	-1	1101	-1	-1	1518	-1	172	-1	-1	-1	-1	-1	-1	6	-1	-1	-1	-1	-1	473	-1	72	-1	-1	-1	-1	-1	-1	-1	-1	1067	-1	-1	-1	-1	-1	-1	288	-1	-1	1341	75	-1	-1	-1	-1	-1	-1	-1	356	-1	-1	162	-1	-1	-1	2029	454	-1	-1	-1	-1	12	-1	-1	-1	312	367	-1	628	-1	32	-1	-1	-1	-1	16	-1	-1	1055	-1	-1	-1	-1	-1	-1	-1	-1	-1	-1	4507	-1	-1	-1	-1	-1	455	-1	-1	-1	-1	-1	-1	-1	-1	-1	-1	-1	-1	-1	-1	-1	-1	-1	-1	-1	-1	-1	-1	-1	-1	-1	-1	951	-1	-1	-1	2253	-1	54	-1	-1	13	-1	86	-1	-1	-1	970	9782	-1	-1	-1	496	-1	-1	-1	-1	-1	-1	-1	-1	6	-1	-1	-1	-1	-1	-1	119	-1	-1	-1	-1	-1	-1	-1	39	-1	-1	-1	-1	-1	-1	-1	-1	-1	-1	-1	-1	-1	-1	-1	-1	-1	-1	-1	222	-1	5603	-1	-1	311	-1	10	244	-1	10	6749	2523	-1	355	-1	32	-1	-1	-1	-1	-1	-1	32	-1	-1	-1	1124	24	-1	6	-1	-1	33	-1	-1	-1	1653	16	-1	-1	-1	692	4995	-1	25	-1	-1	-1	-1	89	-1	-1	-1	-1	861	-1	-1	-1	-1	-1	-1	2879	-1	512	-1	-1	3006	-1	-1	-1	-1	-1	-1	-1	-1	-1	330	-1	-1	-1	1085	-1	133	-1	214	6	-1	8806	-1	-1	1204	-1	245	-1	26	-1	-1	-1	-1	-1	6	-1	-1	-1	261	12	630	2159	177	-1	347	-1	-1	-1	6	-1	-1	-1	-1	-1	-1	3934	-1	59	-1	-1	-1	3820	-1	-1	4149	-1	-1	-1	-1	10	-1	1193	-1	-1	-1	-1	-1	-1	-1	-1	39	-1	-1	-1	-1	-1	-1	50	3117	-1	-1	-1	-1	-1	3504	-1	57	10	-1	35	-1	-1	-1	77	-1	-1	-1	-1	-1	82	-1	-1	-1	-1	82	-1	70	-1	-1	-1	-1	2139	-1	-1	-1	-1	-1	-1	105	8151	6	-1	-1	299	-1	
-1	-1	17	-1	-1	-1	-1	-1	-1	-1	-1	3941	-1	-1	411	33	-1	-1	-1	10	-1	-1	-1	-1	-1	-1	-1	-1	-1	341	-1	9891	-1	33	-1	-1	-1	3032	-1	57	-1	-1	-1	-1	-1	6	28	-1	-1	-1	-1	-1	-1	8689	82	-1	-1	-1	-1	-1	-1	-1	-1	21	-1	-1	-1	-1	-1	351	-1	14	-1	-1	-1	-1	17	-1	-1	-1	38	-1	-1	6	-1	6	-1	-1	-1	-1	-1	-1	-1	-1	-1	-1	0	-1	-1	-1	1101	-1	47	-1	638	-1	813	-1	-1	4984	192	-1	-1	-1	-1	67	12	7643	-1	-1	-1	-1	-1	5954	-1	-1	-1	-1	6	-1	-1	-1	-1	-1	48	150	89	-1	-1	-1	1623	-1	-1	-1	112	79	886	4896	-1	-1	-1	-1	-1	-1	-1	-1	-1	6	-1	1587	22	50	-1	-1	-1	-1	31	-1	2914	-1	-1	320	-1	-1	4373	-1	3219	-1	132	276	1124	-1	-1	-1	-1	-1	36	-1	-1	-1	-1	-1	-1	-1	90	-1	-1	-1	-1	10	32	-1	-1	-1	-1	-1	14	98	6	833	-1	315	-1	-1	-1	-1	-1	-1	-1	847	44	-1	-1	-1	571	-1	25	882	308	55	23	-1	-1	-1	-1	-1	-1	-1	3440	35	-1	1457	-1	-1	-1	-1	-1	-1	-1	-1	-1	-1	-1	-1	-1	-1	-1	-1	-1	-1	2172	-1	103	6	6	14	298	-1	1312	-1	-1	-1	-1	12	-1	-1	-1	-1	-1	-1	-1	-1	-1	-1	6	-1	56	-1	-1	-1	369	136	-1	286	-1	-1	6	-1	117	6	74	-1	-1	-1	-1	138	-1	-1	-1	-1	-1	-1	-1	-1	1170	14	-1	120	6	-1	-1	-1	-1	-1	-1	-1	-1	-1	-1	-1	-1	-1	-1	-1	1829	-1	-1	471	-1	-1	-1	-1	800	3027	-1	-1	-1	-1	-1	1637	-1	-1	-1	6	22	1823	-1	-1	6	-1	176	-1	-1	-1	-1	-1	-1	-1	-1	-1	6	6	-1	-1	-1	-1	-1	-1	-1	-1	407	3413	-1	-1	-1	6	-1	-1	6	-1	1180	-1	-1	-1	-1	-1	-1	-1	-1	36	-1	-1	12	-1	2980	-1	-1	-1	6	-1	-1	-1	-1	5356	-1	-1	503	-1	-1	-1	6289	-1	-1	40	-1	-1	-1	-1	-1	6	-1	-1	-1	-1	714	238	-1	-1	-1	-1	-1	13	103	137	8222	-1	-1	-1	564	-1	-1	-1	-1	-1	-1	-1	-1	-1	-1	-1	39	254	-1	6	2900	116	-1	-1	-1	-1	29	-1	-1	-1	-1	-1	-1	666	-1	6	-1	-1	673	-1	37	-1	-1	6	-1	-1	700	-1	-1	10	-1	-1	-1	-1	-1	-1	
-1	-1	-1	1479	454	-1	-1	-1	6865	-1	-1	-1	-1	-1	-1	-1	-1	3710	-1	2514	20	-1	-1	-1	-1	-1	-1	6	191	6	-1	-1	-1	-1	-1	-1	-1	-1	-1	-1	-1	-1	6	-1	-1	44	-1	87	-1	-1	20	436	-1	-1	-1	-1	-1	-1	-1	-1	370	-1	-1	50	-1	-1	-1	-1	16	-1	-1	-1	-1	61	-1	-1	50	-1	33	-1	6469	-1	99	-1	-1	7239	-1	-1	298	-1	178	-1	3170	-1	109	-1	819	-1	-1	-1	-1	1642	2301	-1	6	6602	-1	-1	-1	-1	-1	218	-1	-1	22	-1	43	-1	-1	-1	-1	-1	-1	-1	-1	-1	119	-1	113	-1	-1	-1	6	-1	-1	-1	4254	375	-1	-1	-1	-1	-1	1152	-1	-1	-1	-1	72	-1	-1	-1	-1	-1	-1	-1	-1	-1	-1	-1	-1	10	-1	-1	2255	-1	466	174	100	-1	-1	1005	-1	96	10	-1	-1	-1	282	-1	-1	-1	-1	-1	11	-1	-1	51	-1	-1	-1	-1	-1	-1	-1	4483	-1	190	-1	-1	-1	-1	6	212	-1	-1	-1	-1	-1	-1	6	-1	-1	-1	7603	-1	-1	-1	18	-1	1409	329	-1	-1	-1	-1	-1	-1	-1	-1	-1	-1	-1	-1	29	6	-1	-1	-1	-1	-1	-1	-1	132	-1	9	-1	85	-1	-1	-1	-1	-1	-1	41	2000	-1	-1	-1	-1	30	6	-1	73	476	6	-1	-1	-1	-1	61	10	-1	-1	-1	-1	-1	-1	-1	-1	10	6	-1	10	158	6	-1	-1	-1	6	-1	-1	-1	34	-1	-1	-1	-1	-1	-1	1068	-1	-1	-1	26	6	-1	-1	31	128	6	21	-1	-1	-1	-1	-1	397	6	-1	-1	14	-1	-1	-1	42	224	6100	0	-1	-1	-1	-1	13	-1	-1	21	-1	3328	2744	-1	-1	12	-1	541	-1	159	-1	-1	36	-1	234	6	-1	112	-1	-1	6	9362	-1	-1	6	-1	1080	-1	-1	6925	-1	-1	-1	-1	-1	-1	-1	10	43	-1	-1	-1	6	-1	-1	-1	-1	-1	-1	-1	24	-1	-1	39	7207	-1	5888	-1	15	6	-1	-1	-1	750	4921	5311	-1	-1	-1	-1	8654	42	0	138	-1	-1	-1	-1	99	-1	-1	-1	-1	-1	-1	-1	-1	-1	14	-1	-1	87	-1	-1	1479	3309	-1	-1	1673	606	292	-1	-1	-1	-1	-1	-1	-1	14	-1	194	-1	-1	-1	2952	-1	-1	-1	497	-1	-1	-1	-1	108	-1	-1	-1	-1	-1	-1	-1	-1	61	-1	-1	-1	-1	-1	2694	990	-1	-1	-1	-1	4294	-1	-1	-1	-1	-1	-1	129	35	-1	3263	-1	18	-1	76	-1	-1	-1	-1	
441	-1	-1	6	651	-1	4618	45	-1	-1	-1	-1	-1	-1	-1	22	-1	13	-1	1877	-1	-1	-1	-1	-1	-1	-1	-1	-1	1931	-1	-1	-1	41	-1	-1	-1	-1	-1	-1	-1	-1	42	211	-1	-1	-1	19	4591	-1	3851	-1	-1	142	-1	-1	4629	157	-1	213	6152	-1	-1	-1	130	-1	720	-1	-1	-1	-1	438	-1	-1	-1	-1	4455	-1	-1	-1	864	-1	-1	-1	-1	35	2231	-1	-1	238	25	1614	-1	-1	-1	141	-1	-1	-1	-1	-1	-1	-1	-1	-1	-1	82	-1	-1	-1	-1	-1	-1	357	264	-1	-1	5043	-1	-1	30	-1	76	-1	-1	169	22	-1	-1	-1	6	-1	6402	-1	-1	-1	-1	-1	-1	-1	-1	-1	21	-1	-1	2419	2765	-1	-1	116	-1	-1	-1	-1	48	-1	-1	14	-1	-1	-1	87	-1	-1	-1	-1	-1	-1	-1	-1	-1	-1	-1	-1	2161	-1	-1	-1	-1	-1	-1	-1	-1	852	5073	-1	-1	66	-1	-1	-1	-1	-1	10	-1	6	943	-1	1576	-1	-1	-1	62	-1	-1	-1	-1	-1	-1	1864	1429	-1	-1	115	-1	-1	-1	573	-1	-1	904	-1	6	-1	-1	-1	-1	-1	322	6	-1	-1	-1	20	-1	-1	-1	16	-1	5284	-1	6385	-1	-1	6	-1	-1	-1	561	-1	582	-1	805	1379	-1	-1	-1	-1	-1	-1	-1	-1	464	-1	-1	-1	-1	6	-1	-1	-1	-1	53	4203	1663	-1	-1	-1	-1	45	-1	120	-1	-1	237	-1	-1	-1	-1	-1	-1	637	1919	-1	-1	14	-1	-1	-1	-1	-1	-1	183	1266	-1	-1	-1	-1	-1	-1	-1	-1	-1	-1	5995	-1	-1	5281	-1	-1	-1	-1	38	-1	-1	-1	204	-1	0	-1	-1	-1	-1	-1	-1	-1	-1	6	-1	-1	-1	-1	-1	-1	-1	-1	-1	-1	2072	-1	-1	-1	-1	19	-1	-1	-1	1550	-1	-1	-1	-1	1003	-1	-1	-1	91	38	-1	6	-1	6	22	-1	-1	-1	-1	21	-1	-1	-1	-1	-1	-1	-1	-1	-1	-1	-1	-1	-1	-1	155	-1	59	-1	175	83	-1	-1	322	-1	-1	12	-1	-1	-1	-1	-1	-1	-1	70	-1	-1	-1	-1	61	-1	-1	6	57	-1	466	-1	-1	-1	229	2237	-1	212	-1	-1	-1	-1	-1	-1	3283	-1	-1	2656	-1	-1	313	-1	-1	-1	-1	-1	-1	-1	-1	-1	35	32	-1	8016	24	10	-1	-1	-1	160	-1	-1	-1	-1	-1	-1	-1	6269	-1	2464	51	-1	-1	98	130	-1	2493	-1	-1	-1	-1	-1	6	-1	-1	-1	-1	-1	-1	1406	-1	-1	-1	-1	-1	-1	6329	39	
